aspect,B11,B12,B2,B3,B4,B8,bd_0-5,bd_15-30,bd_5-15,bsi,cec_0-5,cec_15-30,cec_5-15,clay_0-5,clay_15-30,clay_5-15,dem,evi,ndmi,ndvi,ph_0-5,ph_15-30,ph_5-15,sand_0-5,sand_15-30,sand_5-15,savi,silt_0-5,silt_15-30,silt_5-15,slope,soc_0-5,soc_15-30,soc_5-15,tpi,tri,worldcover,x,y
120.0,2772.9387,1957.2374,590.4181,849.61945,1007.1923,2536.862,138.0,138.0,137.0,0.0915742,216.0,215.0,213.0,241.0,356.0,263.0,878.0,0.28485954,-0.045389306,0.43827617,66.0,66.0,66.0,511.0,426.0,492.0,0.27984828,247.0,218.0,245.0,4.0,18.0,8.0,10.0,2.5,2.2222223,40.0,768941.6094531971,1457717.9670111313
93.0,2313.6116,1514.0905,482.99274,724.32477,757.7403,2446.754,135.0,135.0,133.0,0.027533654,206.0,206.0,202.0,239.0,344.0,262.0,870.0,0.32491973,0.02008994,0.51304084,64.0,64.0,64.0,491.0,413.0,471.0,0.31249985,242.0,215.0,239.0,3.0,17.0,7.0,9.0,-0.875,5.4444447,20.0,769191.7557263334,1457717.9670111313
118.0,2422.9785,1675.5922,492.51752,689.4963,793.6833,1989.2567,0.0,0.0,0.0,0.12795971,0.0,0.0,0.0,0.0,0.0,0.0,862.0,0.23628293,-0.098720364,0.42312127,0.0,0.0,0.0,0.0,0.0,0.0,0.23541535,0.0,0.0,0.0,3.0,0.0,0.0,0.0,-2.75,4.4444447,20.0,769441.9019994696,1457717.9670111313
175.0,1906.5763,1267.9149,461.44583,615.4418,671.6292,1498.9983,0.0,0.0,0.0,0.12746812,0.0,0.0,0.0,0.0,0.0,0.0,859.0,0.16962738,-0.112980984,0.3284309,0.0,0.0,0.0,0.0,0.0,0.0,0.1687934,0.0,0.0,0.0,2.0,0.0,0.0,0.0,-1.5,1.3333334,20.0,769692.0482726059,1457717.9670111313
193.0,1274.5447,884.92615,423.0129,533.1518,561.3575,977.9332,0.0,0.0,0.0,0.12446104,0.0,0.0,0.0,0.0,0.0,0.0,859.0,0.08847464,-0.13617578,0.17424226,0.0,0.0,0.0,0.0,0.0,0.0,0.08844552,0.0,0.0,0.0,2.0,0.0,0.0,0.0,0.25,0.22222222,20.0,769942.1945457421,1457717.9670111313
191.0,1091.5859,797.1722,396.4634,492.927,481.31696,811.9286,0.0,0.0,0.0,0.13922298,0.0,0.0,0.0,0.0,0.0,0.0,859.0,0.07329258,-0.17577864,0.17558812,0.0,0.0,0.0,0.0,0.0,0.0,0.07296317,0.0,0.0,0.0,2.0,0.0,0.0,0.0,0.375,0.33333334,20.0,770192.3408188784,1457717.9670111313
157.0,1157.5701,935.33875,423.6017,503.69418,509.78174,673.0612,18.0,18.0,18.0,0.21349612,28.0,27.0,26.0,32.0,47.0,34.0,859.0,0.03737919,-0.2868674,0.09221452,9.0,9.0,9.0,69.0,58.0,68.0,0.037096478,33.0,29.0,33.0,2.0,2.0,1.0,1.0,0.375,0.33333334,20.0,770442.4870920145,1457717.9670111313
206.0,1621.9176,1182.3926,434.71848,562.273,598.84784,1248.0449,138.0,138.0,137.0,0.16350345,211.0,200.0,195.0,235.0,348.0,252.0,859.0,0.12671292,-0.19958259,0.22152963,65.0,65.0,65.0,518.0,436.0,504.0,0.1246356,246.0,216.0,244.0,3.0,19.0,8.0,13.0,-2.375,2.3333333,20.0,770692.6333651508,1457717.9670111313
210.0,2666.7913,1783.7783,511.42642,744.8424,878.65234,2430.593,138.0,138.0,137.0,0.078769006,203.0,191.0,186.0,233.0,350.0,252.0,867.0,0.28476995,-0.036864668,0.47737545,65.0,65.0,65.0,521.0,436.0,506.0,0.28257388,246.0,214.0,243.0,4.0,18.0,8.0,12.0,2.125,4.3333335,10.0,770942.779638287,1457717.9670111313
222.0,3685.4573,2603.2568,715.1475,1025.5028,1344.467,2873.031,138.0,139.0,137.0,0.16258855,196.0,187.0,181.0,236.0,349.0,255.0,871.0,0.24777079,-0.11991245,0.3687829,65.0,65.0,65.0,522.0,439.0,505.0,0.250009,243.0,213.0,240.0,3.0,18.0,7.0,12.0,0.125,3.6666667,40.0,771192.9259114233,1457717.9670111313
160.0,2833.0642,1944.3885,586.52856,821.9207,966.22437,2560.5896,138.0,139.0,137.0,0.0902782,192.0,179.0,174.0,239.0,348.0,258.0,876.0,0.30475762,-0.04766305,0.46318373,65.0,65.0,65.0,521.0,442.0,506.0,0.29454616,241.0,211.0,235.0,2.0,17.0,7.0,11.0,1.75,2.0,40.0,771443.0721845595,1457717.9670111313
171.0,2705.131,1891.5354,548.0498,789.5594,912.4902,2520.8591,138.0,138.0,136.0,0.086581886,208.0,211.0,206.0,241.0,345.0,267.0,878.0,0.28801394,-0.044930086,0.46624008,66.0,66.0,66.0,515.0,436.0,493.0,0.28262404,243.0,220.0,240.0,3.0,17.0,8.0,9.0,3.875,3.4444444,20.0,768941.6094531971,1457458.5100826675
119.0,2693.2612,1742.164,552.56024,838.1213,884.95026,2961.29,135.0,135.0,134.0,0.014139996,208.0,206.0,203.0,236.0,350.0,259.0,874.0,0.36794347,0.037229974,0.531451,65.0,65.0,65.0,502.0,416.0,481.0,0.3471109,245.0,215.0,242.0,3.0,17.0,8.0,10.0,3.75,5.111111,40.0,769191.7557263334,1457458.5100826675
103.0,2509.2087,1739.711,521.8392,745.3675,857.0368,2174.0527,0.0,0.0,0.0,0.10834854,0.0,0.0,0.0,0.0,0.0,0.0,865.0,0.24433182,-0.072900824,0.42565626,0.0,0.0,0.0,0.0,0.0,0.0,0.24253984,0.0,0.0,0.0,3.0,0.0,0.0,0.0,-0.25,4.4444447,20.0,769441.9019994696,1457458.5100826675
187.0,1120.0258,803.86633,427.10846,537.9321,536.6445,935.151,0.0,0.0,0.0,0.10063544,0.0,0.0,0.0,0.0,0.0,0.0,859.0,0.07903307,-0.121204436,0.15240574,0.0,0.0,0.0,0.0,0.0,0.0,0.07813847,0.0,0.0,0.0,2.0,0.0,0.0,0.0,-2.125,2.1111112,20.0,769692.0482726059,1457458.5100826675
172.0,618.8242,497.47568,362.04517,426.1856,399.38538,385.0309,0.0,0.0,0.0,0.15878019,0.0,0.0,0.0,0.0,0.0,0.0,859.0,-0.004310555,-0.2506959,-0.053120263,0.0,0.0,0.0,0.0,0.0,0.0,-0.0049348143,0.0,0.0,0.0,2.0,0.0,0.0,0.0,0.5,0.8888889,20.0,769942.1945457421,1457458.5100826675
174.0,888.4163,718.2336,391.88052,465.03137,453.83694,494.9914,0.0,0.0,0.0,0.20749933,0.0,0.0,0.0,0.0,0.0,0.0,857.0,0.008662609,-0.3053129,-0.011803712,0.0,0.0,0.0,0.0,0.0,0.0,0.008059471,0.0,0.0,0.0,2.0,0.0,0.0,0.0,-1.0,1.3333334,20.0,770192.3408188784,1457458.5100826675
188.0,968.6726,813.40436,411.41925,482.34042,481.8391,492.59167,1.0,1.0,1.0,0.22074835,2.0,2.0,2.0,2.0,3.0,2.0,858.0,0.001527392,-0.3277083,-0.048735086,1.0,1.0,1.0,4.0,3.0,4.0,0.0008304206,2.0,2.0,2.0,2.0,0.0,0.0,0.0,-0.125,1.2222222,20.0,770442.4870920145,1457458.5100826675
213.0,1190.9337,875.02686,411.69098,525.9226,549.602,927.798,7.0,7.0,7.0,0.10441324,11.0,11.0,10.0,13.0,19.0,14.0,859.0,0.06814677,-0.13996974,0.053117763,3.0,3.0,3.0,28.0,23.0,27.0,0.067318864,13.0,12.0,13.0,2.0,1.0,0.0,0.0,-1.75,2.4444444,40.0,770692.6333651508,1457458.5100826675
218.0,3000.2861,2092.3997,589.73584,817.4888,1026.3901,2345.4194,28.0,28.0,28.0,0.14685284,42.0,40.0,39.0,47.0,71.0,51.0,863.0,0.2330558,-0.112410724,0.39038324,13.0,13.0,13.0,103.0,86.0,100.0,0.23439215,52.0,45.0,51.0,3.0,3.0,1.0,2.0,-1.75,4.0,40.0,770942.779638287,1457458.5100826675
250.0,3276.2515,2236.714,601.3879,872.32684,1120.2142,2703.055,138.0,138.0,137.0,0.13537282,205.0,194.0,190.0,233.0,351.0,253.0,870.0,0.26774475,-0.09169458,0.4228593,65.0,65.0,65.0,509.0,425.0,494.0,0.26999527,257.0,223.0,254.0,4.0,18.0,8.0,11.0,0.5,3.5555556,40.0,771192.9259114233,1457458.5100826675
193.0,2482.4294,1590.3641,415.13638,640.02637,735.00867,2413.0315,137.0,137.0,136.0,0.060315337,200.0,189.0,185.0,230.0,346.0,251.0,877.0,0.32628816,-0.01275155,0.5366066,65.0,65.0,65.0,521.0,436.0,503.0,0.32383212,249.0,218.0,246.0,3.0,17.0,8.0,11.0,4.75,4.2222223,20.0,771443.0721845595,1457458.5100826675
190.0,2642.0142,1865.9932,509.93646,710.37976,878.1786,2094.3787,138.0,138.0,136.0,0.14641146,209.0,211.0,207.0,238.0,336.0,261.0,872.0,0.22888926,-0.11450337,0.41247582,66.0,66.0,66.0,517.0,442.0,498.0,0.23147032,245.0,222.0,241.0,2.0,17.0,8.0,9.0,0.25,3.3333333,40.0,768941.6094531971,1457199.0531542036
152.0,2635.3638,1803.7726,533.07117,758.53894,893.09326,2352.5674,138.0,138.0,136.0,0.098793484,215.0,214.0,212.0,239.0,347.0,258.0,871.0,0.26704037,-0.058182627,0.44929168,66.0,66.0,66.0,514.0,432.0,497.0,0.26388937,246.0,220.0,244.0,2.0,18.0,8.0,10.0,2.0,4.2222223,40.0,769191.7557263334,1457199.0531542036
132.0,2597.5178,1780.9542,502.19684,708.7953,848.4715,2218.8872,117.0,117.0,117.0,0.11217401,187.0,183.0,180.0,206.0,306.0,223.0,866.0,0.25442645,-0.07499368,0.45033816,57.0,57.0,57.0,441.0,365.0,425.0,0.2548676,211.0,186.0,209.0,3.0,15.0,7.0,9.0,1.125,4.111111,20.0,769441.9019994696,1457199.0531542036
148.0,1655.6686,1150.7961,447.28873,586.08215,638.5544,1410.9099,0.0,0.0,0.0,0.09886804,0.0,0.0,0.0,0.0,0.0,0.0,861.0,0.14540097,-0.103914246,0.23852283,0.0,0.0,0.0,0.0,0.0,0.0,0.144345,0.0,0.0,0.0,2.0,0.0,0.0,0.0,0.375,2.7777777,20.0,769692.0482726059,1457199.0531542036
165.0,508.87106,408.1038,333.2121,403.58328,361.5878,308.66846,0.0,0.0,0.0,0.15449052,0.0,0.0,0.0,0.0,0.0,0.0,858.0,-0.014952387,-0.27141067,-0.1481755,0.0,0.0,0.0,0.0,0.0,0.0,-0.01644667,0.0,0.0,0.0,3.0,0.0,0.0,0.0,0.25,1.5555556,20.0,769942.1945457421,1457199.0531542036
140.0,643.763,529.3905,349.12665,418.87567,389.05157,348.4287,0.0,0.0,0.0,0.19460778,0.0,0.0,0.0,0.0,0.0,0.0,856.0,-0.0112655815,-0.32531413,-0.12835881,0.0,0.0,0.0,0.0,0.0,0.0,-0.0126281595,0.0,0.0,0.0,5.0,0.0,0.0,0.0,-0.875,1.0,20.0,770192.3408188784,1457199.0531542036
243.0,749.68005,620.3042,365.76135,438.5021,419.23688,414.3822,0.0,0.0,0.0,0.19862618,0.0,0.0,0.0,0.0,0.0,0.0,856.0,-0.0036672403,-0.3149061,-0.08990114,0.0,0.0,0.0,0.0,0.0,0.0,-0.0046715057,0.0,0.0,0.0,3.0,0.0,0.0,0.0,-2.0,2.0,20.0,770442.4870920145,1457199.0531542036
240.0,1831.5631,1309.6133,473.6699,630.87823,715.12115,1449.777,17.0,17.0,17.0,0.1201436,26.0,25.0,25.0,31.0,46.0,33.0,860.0,0.13169146,-0.1298754,0.19005351,8.0,8.0,8.0,64.0,52.0,62.0,0.13144036,31.0,27.0,31.0,2.0,2.0,1.0,1.0,-0.875,3.2222223,40.0,770692.6333651508,1457199.0531542036
222.0,3249.955,2281.5444,620.39594,851.5568,1099.4896,2413.7795,130.0,130.0,129.0,0.17275038,193.0,191.0,187.0,234.0,349.0,250.0,864.0,0.2287606,-0.14174503,0.37581575,62.0,62.0,62.0,481.0,397.0,467.0,0.23087044,236.0,205.0,235.0,3.0,17.0,8.0,10.0,-1.25,3.5555556,40.0,770942.779638287,1457199.0531542036
217.0,2942.3958,1991.3881,526.2722,763.3804,948.2648,2422.276,136.0,137.0,135.0,0.1310299,204.0,200.0,196.0,244.0,359.0,260.0,868.0,0.26237264,-0.09189897,0.44620973,65.0,65.0,65.0,509.0,423.0,493.0,0.26527685,248.0,218.0,247.0,3.0,18.0,8.0,11.0,-1.375,3.2222223,20.0,771192.9259114233,1457199.0531542036
178.0,2626.6597,1723.3202,422.27686,641.0687,785.8367,2283.1555,136.0,137.0,135.0,0.108217396,201.0,194.0,191.0,240.0,350.0,257.0,870.0,0.28888318,-0.06455981,0.49421376,65.0,65.0,65.0,507.0,424.0,490.0,0.29280886,254.0,227.0,254.0,3.0,18.0,8.0,11.0,-2.125,2.3333333,40.0,771443.0721845595,1457199.0531542036
177.0,2464.5947,1747.2201,521.5645,719.3631,875.4646,2089.2566,139.0,138.0,137.0,0.12142589,206.0,205.0,200.0,240.0,340.0,263.0,867.0,0.2299649,-0.08215278,0.4075034,66.0,66.0,66.0,512.0,435.0,493.0,0.23091874,248.0,225.0,244.0,2.0,18.0,8.0,10.0,-2.0,2.2222223,40.0,768941.6094531971,1456939.5962257397
174.0,2597.4304,1795.1353,521.98444,730.54205,890.21423,2208.5908,138.0,138.0,136.0,0.117256366,218.0,212.0,210.0,238.0,346.0,257.0,867.0,0.24286535,-0.0774733,0.4283592,66.0,66.0,66.0,512.0,430.0,495.0,0.24421223,251.0,224.0,249.0,3.0,18.0,8.0,10.0,0.25,2.6666667,40.0,769191.7557263334,1456939.5962257397
158.0,2793.588,1901.6224,536.35406,740.51324,925.81964,2226.5369,135.0,135.0,133.0,0.14177905,210.0,205.0,203.0,242.0,350.0,262.0,863.0,0.23590872,-0.107876316,0.41026083,65.0,65.0,65.0,503.0,421.0,485.0,0.2380913,237.0,210.0,234.0,3.0,17.0,8.0,11.0,-0.375,3.4444444,40.0,769441.9019994696,1456939.5962257397
167.0,1362.0309,952.5681,440.8512,567.35205,609.4686,1114.307,0.0,0.0,0.0,0.07478126,0.0,0.0,0.0,0.0,0.0,0.0,859.0,0.09038306,-0.078850925,0.080805145,0.0,0.0,0.0,0.0,0.0,0.0,0.09002818,0.0,0.0,0.0,2.0,0.0,0.0,0.0,-0.625,2.7777777,40.0,769692.0482726059,1456939.5962257397
146.0,333.9729,273.3498,312.77567,382.60736,320.21448,200.52168,0.0,0.0,0.0,0.114793226,0.0,0.0,0.0,0.0,0.0,0.0,856.0,-0.03120177,-0.24415852,-0.2692929,0.0,0.0,0.0,0.0,0.0,0.0,-0.033336844,0.0,0.0,0.0,3.0,0.0,0.0,0.0,-1.0,1.5555556,20.0,769942.1945457421,1456939.5962257397
135.0,403.51254,336.1014,307.21588,372.50912,318.09753,209.48973,0.0,0.0,0.0,0.16245429,0.0,0.0,0.0,0.0,0.0,0.0,855.0,-0.027881032,-0.32651752,-0.24142672,0.0,0.0,0.0,0.0,0.0,0.0,-0.02982289,0.0,0.0,0.0,8.0,0.0,0.0,0.0,-1.125,1.0,20.0,770192.3408188784,1456939.5962257397
280.0,778.0041,594.2488,348.58435,428.07166,406.00864,528.8383,0.0,0.0,0.0,0.16490075,0.0,0.0,0.0,0.0,0.0,0.0,856.0,0.021358557,-0.26880074,-0.047823478,0.0,0.0,0.0,0.0,0.0,0.0,0.019986534,0.0,0.0,0.0,3.0,0.0,0.0,0.0,-2.375,2.5555556,20.0,770442.4870920145,1456939.5962257397
266.0,2510.856,1691.3477,497.42935,684.6623,815.1286,2089.5547,17.0,17.0,17.0,0.12043494,26.0,25.0,25.0,31.0,46.0,33.0,863.0,0.23284824,-0.1023451,0.39548194,8.0,8.0,8.0,63.0,52.0,61.0,0.23234524,31.0,27.0,31.0,2.0,2.0,1.0,1.0,0.75,4.4444447,20.0,770692.6333651508,1456939.5962257397
229.0,3232.656,2180.637,585.1566,822.1407,1042.7081,2544.778,136.0,137.0,135.0,0.150806,207.0,203.0,200.0,246.0,370.0,263.0,868.0,0.26257452,-0.116575,0.4255428,65.0,65.0,66.0,506.0,416.0,492.0,0.26348954,248.0,214.0,246.0,2.0,17.0,8.0,11.0,0.5,4.0,40.0,770942.779638287,1456939.5962257397
213.0,2768.2263,1827.932,469.64844,698.0686,840.22974,2389.2473,136.0,137.0,135.0,0.11130886,208.0,201.0,199.0,246.0,361.0,261.0,871.0,0.28065643,-0.07059907,0.48626074,65.0,65.0,66.0,505.0,419.0,490.0,0.28307933,249.0,220.0,249.0,3.0,17.0,8.0,11.0,-0.375,3.4444444,20.0,771192.9259114233,1456939.5962257397
193.0,2645.7507,1760.8264,418.31958,655.6379,828.67804,2408.1418,136.0,137.0,135.0,0.10055918,207.0,199.0,198.0,243.0,354.0,258.0,872.0,0.29007575,-0.046776954,0.49030122,65.0,65.0,65.0,503.0,420.0,488.0,0.29773527,254.0,226.0,253.0,3.0,17.0,8.0,11.0,-1.5,3.3333333,40.0,771443.0721845595,1456939.5962257397
121.0,2764.3232,2035.2784,728.20215,1006.2092,1098.5599,2627.8108,138.0,137.0,136.0,0.06871062,186.0,183.0,177.0,243.0,345.0,266.0,869.0,0.28063324,-0.026392607,0.4167017,66.0,66.0,66.0,520.0,442.0,500.0,0.26665667,236.0,213.0,235.0,2.0,18.0,8.0,12.0,0.875,2.1111112,40.0,768941.6094531971,1456680.1392972758
139.0,2647.6953,1956.7693,574.0865,829.3494,994.3256,2416.1365,138.0,137.0,136.0,0.09950807,202.0,193.0,190.0,247.0,358.0,269.0,865.0,0.25322565,-0.04971281,0.4138994,65.0,65.0,66.0,516.0,433.0,497.0,0.251511,237.0,209.0,235.0,2.0,16.0,8.0,12.0,-1.0,2.6666667,40.0,769191.7557263334,1456680.1392972758
129.0,2670.2117,1872.7676,547.4002,750.74445,927.75757,2146.3784,137.0,136.0,135.0,0.13335328,199.0,191.0,188.0,247.0,356.0,268.0,861.0,0.21932915,-0.09949928,0.37845796,65.0,65.0,65.0,512.0,430.0,493.0,0.22108777,233.0,205.0,231.0,3.0,16.0,8.0,12.0,-1.25,3.1111112,40.0,769441.9019994696,1456680.1392972758
122.0,720.93665,515.9618,384.26358,477.3042,447.59344,603.5986,0.0,0.0,0.0,0.042691834,0.0,0.0,0.0,0.0,0.0,0.0,857.0,0.024026556,-0.08114784,-0.10749237,0.0,0.0,0.0,0.0,0.0,0.0,0.022689374,0.0,0.0,0.0,2.0,0.0,0.0,0.0,-1.75,2.6666667,40.0,769692.0482726059,1456680.1392972758
102.0,208.58505,175.60043,303.32504,377.35526,296.79822,136.24615,0.0,0.0,0.0,0.06619434,0.0,0.0,0.0,0.0,0.0,0.0,855.0,-0.0416977,-0.20143506,-0.38771495,0.0,0.0,0.0,0.0,0.0,0.0,-0.04442879,0.0,0.0,0.0,2.0,0.0,0.0,0.0,-1.25,1.1111112,40.0,769942.1945457421,1456680.1392972758
284.0,285.52457,239.01947,292.05682,364.23755,295.3397,164.84851,0.0,0.0,0.0,0.11057289,0.0,0.0,0.0,0.0,0.0,0.0,855.0,-0.033673346,-0.26427108,-0.32620907,0.0,0.0,0.0,0.0,0.0,0.0,-0.03618407,0.0,0.0,0.0,3.0,0.0,0.0,0.0,-1.0,0.8888889,20.0,770192.3408188784,1456680.1392972758
274.0,914.4992,659.8675,352.43423,444.2926,427.4079,679.59625,11.0,11.0,11.0,0.1368495,17.0,17.0,16.0,21.0,31.0,21.0,857.0,0.047281165,-0.21665144,-0.0019456653,5.0,5.0,5.0,42.0,34.0,41.0,0.04607298,21.0,18.0,21.0,3.0,3.0,1.0,2.0,-2.125,3.4444444,20.0,770442.4870920145,1456680.1392972758
252.0,2643.1282,1717.3489,477.84232,686.18115,795.3236,2271.9143,117.0,120.0,119.0,0.10990678,188.0,181.0,179.0,225.0,337.0,236.0,865.0,0.27032205,-0.08042651,0.46419817,59.0,59.0,59.0,457.0,377.0,446.0,0.2695919,232.0,200.0,232.0,3.0,32.0,18.0,20.0,1.0,4.6666665,40.0,770692.6333651508,1456680.1392972758
249.0,2811.2065,1775.9586,481.41336,718.71344,822.30853,2550.026,136.0,137.0,135.0,0.08735388,209.0,202.0,200.0,251.0,377.0,271.0,872.0,0.31255624,-0.04712039,0.5157373,65.0,65.0,65.0,503.0,412.0,488.0,0.30962262,245.0,211.0,242.0,3.0,18.0,9.0,12.0,2.125,4.3333335,40.0,770942.779638287,1456680.1392972758
219.0,2450.01,1582.3292,427.3266,658.29767,746.39966,2362.93,136.0,136.0,135.0,0.06487858,208.0,200.0,198.0,251.0,373.0,272.0,877.0,0.29755256,-0.01703827,0.5232044,65.0,65.0,65.0,502.0,411.0,483.0,0.29863828,247.0,215.0,244.0,3.0,19.0,9.0,12.0,2.5,4.4444447,10.0,771192.9259114233,1456680.1392972758
214.0,2639.9583,1749.1643,464.78787,727.71155,884.6602,2605.0806,136.0,136.0,135.0,0.06820771,207.0,198.0,197.0,250.0,364.0,271.0,880.0,0.31010848,-0.008504053,0.4923111,65.0,65.0,65.0,499.0,415.0,481.0,0.3116835,250.0,220.0,247.0,3.0,19.0,9.0,13.0,3.0,4.0,10.0,771443.0721845595,1456680.1392972758
106.0,2622.8235,1744.7596,646.9996,953.9541,937.1757,3109.0867,137.0,137.0,135.0,-0.027728574,169.0,166.0,160.0,242.0,337.0,262.0,872.0,0.3976059,0.079203755,0.5328842,65.0,65.0,65.0,527.0,453.0,508.0,0.36240414,230.0,210.0,230.0,3.0,18.0,8.0,13.0,2.875,2.5555556,10.0,768941.6094531971,1456420.682368812
128.0,2617.545,1792.3335,587.7889,898.45776,949.1396,3009.5894,138.0,138.0,136.0,0.00043634925,189.0,182.0,178.0,249.0,355.0,268.0,866.0,0.3608651,0.061404992,0.51140606,66.0,66.0,66.0,523.0,442.0,506.0,0.34039828,228.0,203.0,227.0,2.0,17.0,8.0,11.0,-0.5,3.3333333,40.0,769191.7557263334,1456420.682368812
136.0,2631.0415,1812.9818,544.84644,780.1272,913.0816,2374.9368,22.0,22.0,22.0,0.090411834,32.0,31.0,30.0,40.0,58.0,44.0,863.0,0.2633759,-0.045248535,0.4360803,11.0,11.0,11.0,84.0,70.0,80.0,0.26148212,38.0,33.0,37.0,2.0,2.0,1.0,2.0,1.125,3.2222223,40.0,769441.9019994696,1456420.682368812
123.0,955.8712,670.832,397.93518,512.69336,500.60712,818.73694,0.0,0.0,0.0,0.04929234,0.0,0.0,0.0,0.0,0.0,0.0,858.0,0.052607026,-0.07096497,-0.05249722,0.0,0.0,0.0,0.0,0.0,0.0,0.050598554,0.0,0.0,0.0,2.0,0.0,0.0,0.0,-0.25,2.4444444,40.0,769692.0482726059,1456420.682368812
100.0,192.43784,158.34122,296.04007,376.90308,292.55438,130.02968,0.0,0.0,0.0,0.06141968,0.0,0.0,0.0,0.0,0.0,0.0,855.0,-0.04210112,-0.18550062,-0.40370363,0.0,0.0,0.0,0.0,0.0,0.0,-0.04506778,0.0,0.0,0.0,3.0,0.0,0.0,0.0,-1.0,0.8888889,40.0,769942.1945457421,1456420.682368812
270.0,231.35303,190.93047,280.75723,358.81818,279.1305,140.62508,7.0,7.0,7.0,0.08371439,11.0,11.0,10.0,14.0,20.0,14.0,855.0,-0.03582248,-0.22469741,-0.36725488,4.0,4.0,4.0,27.0,22.0,26.0,-0.038583945,14.0,12.0,14.0,3.0,2.0,1.0,1.0,-1.0,0.8888889,40.0,770192.3408188784,1456420.682368812
246.0,2684.9617,1762.563,456.2598,694.9694,819.6886,2405.5056,136.0,136.0,135.0,0.09790079,208.0,197.0,195.0,251.0,373.0,271.0,872.0,0.28619292,-0.05300832,0.49555203,65.0,65.0,65.0,502.0,413.0,485.0,0.28919327,247.0,214.0,244.0,2.0,19.0,8.0,12.0,1.875,4.5555553,20.0,770942.779638287,1456420.682368812
237.0,2448.7634,1594.1162,420.73837,668.6062,781.2829,2397.5452,136.0,136.0,135.0,0.06267698,206.0,196.0,193.0,250.0,370.0,273.0,878.0,0.29238006,-0.0075857528,0.51578647,64.0,65.0,65.0,502.0,414.0,483.0,0.29680625,248.0,216.0,244.0,2.0,19.0,8.0,12.0,2.5,3.7777777,10.0,771192.9259114233,1456420.682368812
217.0,2712.6826,1876.2196,497.80847,776.62164,1001.1377,2550.6123,136.0,137.0,135.0,0.09622281,208.0,198.0,196.0,257.0,374.0,281.0,883.0,0.27241594,-0.030091736,0.4385702,64.0,65.0,65.0,505.0,418.0,487.0,0.27960703,237.0,208.0,230.0,3.0,19.0,7.0,13.0,4.5,4.0,40.0,771443.0721845595,1456420.682368812
141.0,2492.717,1706.5867,608.16455,863.62024,962.9218,2595.4714,137.0,137.0,135.0,0.039558735,152.0,149.0,143.0,231.0,336.0,257.0,872.0,0.30612412,0.012393958,0.46461308,65.0,65.0,65.0,551.0,466.0,526.0,0.29292375,219.0,198.0,218.0,3.0,18.0,7.0,12.0,2.25,2.0,10.0,768941.6094531971,1456161.225440348
134.0,2500.7056,1698.3784,574.4829,823.28735,908.0539,2537.6548,137.0,138.0,136.0,0.04675418,172.0,169.0,165.0,240.0,344.0,262.0,868.0,0.29736462,0.0028276287,0.47292125,65.0,65.0,65.0,529.0,448.0,508.0,0.28736022,231.0,207.0,230.0,2.0,18.0,7.0,11.0,1.25,3.3333333,40.0,769191.7557263334,1456161.225440348
141.0,2375.7302,1579.7083,523.80615,763.6434,824.45123,2297.8748,2.0,2.0,2.0,0.05376665,2.0,2.0,2.0,3.0,4.0,3.0,862.0,0.2683133,-0.01167412,0.42677724,1.0,1.0,1.0,6.0,5.0,6.0,0.2613327,3.0,2.0,3.0,2.0,0.0,0.0,0.0,-0.25,3.5555556,20.0,769441.9019994696,1456161.225440348
153.0,605.1847,426.77066,349.32346,450.3445,395.73288,547.31067,0.0,0.0,0.0,0.0439212,0.0,0.0,0.0,0.0,0.0,0.0,858.0,0.022277752,-0.08766351,-0.12938823,0.0,0.0,0.0,0.0,0.0,0.0,0.019329261,0.0,0.0,0.0,4.0,0.0,0.0,0.0,-0.125,2.5555556,40.0,769692.0482726059,1456161.225440348
117.0,166.3475,139.90947,287.3827,368.23373,282.83234,118.342155,0.0,0.0,0.0,0.047104016,0.0,0.0,0.0,0.0,0.0,0.0,855.0,-0.042613614,-0.15464297,-0.42511553,0.0,0.0,0.0,0.0,0.0,0.0,-0.04576322,0.0,0.0,0.0,6.0,0.0,0.0,0.0,-0.875,0.7777778,40.0,769942.1945457421,1456161.225440348
259.0,209.57227,174.22707,277.5677,358.4006,278.80743,132.65617,1.0,1.0,1.0,0.07247336,2.0,1.0,1.0,2.0,3.0,2.0,855.0,-0.037728336,-0.19144745,-0.3926093,0.0,0.0,0.0,4.0,3.0,4.0,-0.04076405,2.0,2.0,2.0,2.0,0.0,0.0,0.0,-1.25,1.1111112,40.0,770192.3408188784,1456161.225440348
242.0,967.7663,699.614,358.42285,469.68027,450.397,792.86554,26.0,26.0,26.0,0.117526114,41.0,39.0,38.0,50.0,76.0,53.0,857.0,0.06390404,-0.17511848,0.034794126,13.0,13.0,13.0,99.0,81.0,97.0,0.06181281,50.0,42.0,49.0,2.0,6.0,3.0,3.0,-2.25,3.3333333,20.0,770442.4870920145,1456161.225440348
242.0,2467.333,1731.4196,495.1974,717.2436,819.2893,2074.1228,136.0,137.0,136.0,0.11667445,210.0,202.0,197.0,251.0,392.0,270.0,862.0,0.23283155,-0.08624216,0.41205722,65.0,65.0,66.0,504.0,401.0,489.0,0.23317908,246.0,208.0,241.0,2.0,21.0,9.0,13.0,-2.125,4.3333335,20.0,770692.6333651508,1456161.225440348
223.0,2727.769,1859.1404,482.65796,728.5346,891.24994,2378.737,136.0,136.0,135.0,0.114095345,207.0,196.0,194.0,255.0,389.0,275.0,868.0,0.26507893,-0.06711632,0.46025044,65.0,65.0,66.0,500.0,402.0,484.0,0.270177,245.0,208.0,241.0,3.0,19.0,8.0,12.0,-1.25,4.0,20.0,770942.779638287,1456161.225440348
217.0,2688.777,1802.2213,474.42908,735.3898,881.4709,2436.23,135.0,136.0,134.0,0.09769422,208.0,195.0,193.0,257.0,385.0,276.0,874.0,0.2756999,-0.04663069,0.47432837,65.0,65.0,65.0,499.0,405.0,483.0,0.28081656,245.0,210.0,241.0,3.0,19.0,8.0,12.0,0.0,3.7777777,20.0,771192.9259114233,1456161.225440348
201.0,2545.113,1674.9491,443.15076,700.5492,829.91016,2382.6921,136.0,137.0,135.0,0.083540104,206.0,193.0,192.0,257.0,374.0,277.0,878.0,0.28751436,-0.029662885,0.4909992,65.0,65.0,65.0,509.0,418.0,493.0,0.29240876,234.0,207.0,229.0,3.0,19.0,8.0,12.0,1.25,3.3333333,10.0,771443.0721845595,1456161.225440348
169.0,2325.7563,1540.0665,465.7984,724.82153,860.5299,2510.8904,138.0,138.0,136.0,0.032222588,154.0,152.0,143.0,225.0,334.0,254.0,870.0,0.30272326,0.03543359,0.48942038,65.0,65.0,66.0,558.0,471.0,534.0,0.30292198,218.0,195.0,213.0,2.0,17.0,7.0,11.0,2.0,2.6666667,10.0,768941.6094531971,1455901.7685118841
146.0,2323.0774,1556.3441,505.1932,725.3857,823.30566,2318.1174,138.0,138.0,136.0,0.052979708,161.0,157.0,151.0,229.0,335.0,255.0,868.0,0.2779141,-0.0039956127,0.47306237,65.0,65.0,65.0,549.0,465.0,526.0,0.27339512,222.0,199.0,219.0,3.0,17.0,7.0,11.0,2.875,3.8888888,20.0,769191.7557263334,1455901.7685118841
118.0,1909.2335,1242.9878,467.61304,665.3902,692.4946,1920.6003,3.0,3.0,3.0,0.034118105,3.0,3.0,3.0,5.0,7.0,5.0,861.0,0.22431274,-0.0007404046,0.329199,1.0,1.0,1.0,12.0,10.0,11.0,0.2166276,5.0,4.0,5.0,3.0,0.0,0.0,0.0,-0.25,3.7777777,40.0,769441.9019994696,1455901.7685118841
133.0,286.29895,212.08562,310.8934,395.49533,322.0522,256.06052,0.0,0.0,0.0,0.028186874,0.0,0.0,0.0,0.0,0.0,0.0,856.0,-0.021258445,-0.06574623,-0.28526932,0.0,0.0,0.0,0.0,0.0,0.0,-0.02405167,0.0,0.0,0.0,3.0,0.0,0.0,0.0,-1.5,2.2222223,40.0,769692.0482726059,1455901.7685118841
148.0,139.82713,118.45386,285.80194,365.08035,280.20853,114.74959,0.0,0.0,0.0,0.020630801,0.0,0.0,0.0,0.0,0.0,0.0,855.0,-0.042882077,-0.08110431,-0.42883876,0.0,0.0,0.0,0.0,0.0,0.0,-0.046058815,0.0,0.0,0.0,10.0,0.0,0.0,0.0,-0.625,0.5555556,20.0,769942.1945457421,1455901.7685118841
284.0,226.23482,181.67857,285.4813,367.75735,291.57385,176.02911,5.0,5.0,5.0,0.03961802,7.0,7.0,7.0,9.0,13.0,9.0,855.0,-0.031825203,-0.09896977,-0.3635773,2.0,2.0,2.0,18.0,14.0,17.0,-0.034687806,9.0,8.0,9.0,4.0,0.0,0.0,0.0,-1.75,1.5555556,40.0,770192.3408188784,1455901.7685118841
256.0,1132.6093,797.3532,366.52914,495.2457,487.957,998.91425,119.0,119.0,118.0,0.099733315,175.0,168.0,163.0,218.0,325.0,230.0,859.0,0.09524269,-0.1289126,0.101966284,57.0,57.0,57.0,427.0,351.0,418.0,0.09316757,214.0,183.0,211.0,3.0,16.0,6.0,9.0,-1.0,3.7777777,40.0,770442.4870920145,1455901.7685118841
279.0,2249.8247,1516.4124,469.60458,678.79834,757.4642,2110.0942,137.0,138.0,137.0,0.073602885,211.0,203.0,197.0,248.0,393.0,267.0,864.0,0.2530465,-0.036363702,0.44388148,66.0,66.0,66.0,503.0,397.0,489.0,0.25106043,248.0,210.0,244.0,3.0,18.0,7.0,11.0,-1.375,4.7777777,10.0,770692.6333651508,1455901.7685118841
201.0,2755.0493,1867.7617,506.07635,746.90186,908.05524,2422.0251,136.0,136.0,135.0,0.10834625,209.0,199.0,195.0,248.0,395.0,270.0,869.0,0.2703719,-0.06247456,0.45951775,65.0,65.0,66.0,504.0,398.0,487.0,0.27292734,248.0,207.0,243.0,3.0,18.0,8.0,11.0,-1.625,4.3333335,40.0,770942.779638287,1455901.7685118841
175.0,2683.2556,1827.2163,497.7769,749.31354,899.1674,2373.2373,135.0,136.0,134.0,0.105166,204.0,190.0,188.0,253.0,380.0,275.0,870.0,0.26405513,-0.05709644,0.4554965,65.0,65.0,66.0,495.0,401.0,476.0,0.26787362,253.0,219.0,249.0,4.0,19.0,8.0,11.0,-5.0,5.111111,20.0,771192.9259114233,1455901.7685118841
235.0,2511.6423,1623.8649,420.6311,646.8772,757.2287,2316.7559,135.0,136.0,134.0,0.08032188,203.0,189.0,188.0,262.0,372.0,283.0,874.0,0.29252824,-0.033788536,0.51360416,65.0,65.0,66.0,492.0,410.0,475.0,0.29591706,246.0,218.0,241.0,3.0,19.0,8.0,11.0,-2.625,3.2222223,10.0,771443.0721845595,1455901.7685118841
170.0,2210.8562,1459.2786,462.6705,666.6979,748.36743,2205.9377,138.0,139.0,137.0,0.05071729,140.0,143.0,135.0,223.0,333.0,250.0,865.0,0.28390774,-0.004833812,0.48267213,65.0,65.0,65.0,560.0,475.0,538.0,0.27925697,217.0,192.0,211.0,3.0,16.0,7.0,10.0,0.875,3.6666667,40.0,768941.6094531971,1455642.3115834203
173.0,2312.5205,1508.4313,500.01685,707.9465,778.4231,2292.738,35.0,35.0,35.0,0.049762636,40.0,39.0,37.0,58.0,85.0,64.0,864.0,0.2850053,-0.006745914,0.48345545,17.0,17.0,17.0,142.0,120.0,136.0,0.2778939,56.0,50.0,55.0,3.0,4.0,2.0,2.0,1.875,4.111111,10.0,769191.7557263334,1455642.3115834203
145.0,1626.735,1061.1566,444.26126,616.3537,624.8979,1600.7087,1.0,1.0,1.0,0.03461014,1.0,1.0,1.0,1.0,2.0,2.0,859.0,0.17875911,-0.006778292,0.2249913,0.0,0.0,0.0,4.0,3.0,3.0,0.17192668,1.0,1.0,1.0,3.0,0.0,0.0,0.0,-0.25,3.3333333,40.0,769441.9019994696,1455642.3115834203
107.0,151.46019,119.15778,304.07486,387.87738,304.06335,152.48898,0.0,0.0,0.0,-0.0057495413,0.0,0.0,0.0,0.0,0.0,0.0,855.0,-0.039979205,0.014635644,-0.38927394,0.0,0.0,0.0,0.0,0.0,0.0,-0.04296782,0.0,0.0,0.0,3.0,0.0,0.0,0.0,-1.625,1.4444444,20.0,769692.0482726059,1455642.3115834203
228.0,103.33941,89.27957,283.2063,365.59717,277.46814,102.50862,0.0,0.0,0.0,-0.00746289,0.0,0.0,0.0,0.0,0.0,0.0,855.0,-0.045366842,0.004359112,-0.4635119,0.0,0.0,0.0,0.0,0.0,0.0,-0.048794102,0.0,0.0,0.0,6.0,0.0,0.0,0.0,-0.375,0.33333334,30.0,769942.1945457421,1455642.3115834203
246.0,345.38687,251.40234,292.53732,383.69772,320.0857,305.0369,1.0,1.0,1.0,0.025358649,1.0,1.0,1.0,1.0,2.0,1.0,856.0,-0.012423127,-0.04981962,-0.30807826,0.0,0.0,0.0,3.0,2.0,3.0,-0.015138259,1.0,1.0,1.0,4.0,0.0,0.0,0.0,-1.25,2.0,40.0,770192.3408188784,1455642.3115834203
238.0,1979.2479,1309.0695,432.88483,637.57513,679.54553,1955.7252,29.0,29.0,29.0,0.0526575,43.0,41.0,40.0,53.0,80.0,56.0,862.0,0.23662446,-0.021327622,0.38180098,14.0,14.0,14.0,105.0,85.0,102.0,0.23378567,52.0,44.0,51.0,3.0,4.0,1.0,2.0,1.0,4.2222223,20.0,770442.4870920145,1455642.3115834203
249.0,2398.1182,1626.5443,479.14612,699.8228,829.6294,2269.2131,138.0,138.0,137.0,0.07755463,207.0,199.0,193.0,247.0,394.0,264.0,869.0,0.26489964,-0.027275927,0.4653218,66.0,65.0,66.0,510.0,401.0,496.0,0.26603016,243.0,205.0,239.0,3.0,18.0,7.0,11.0,2.0,5.111111,10.0,770692.6333651508,1455642.3115834203
232.0,2789.492,1955.7003,513.92175,734.71155,913.84625,2336.947,136.0,137.0,136.0,0.12739629,204.0,194.0,190.0,251.0,386.0,273.0,877.0,0.25612405,-0.08695118,0.44023636,65.0,65.0,66.0,496.0,397.0,478.0,0.25876564,253.0,217.0,250.0,3.0,18.0,8.0,11.0,4.375,6.3333335,40.0,770942.779638287,1455642.3115834203
162.0,2809.6218,1989.7783,521.90155,743.9719,915.25244,2290.9758,136.0,136.0,136.0,0.13841005,201.0,189.0,185.0,248.0,374.0,272.0,881.0,0.24934112,-0.10152061,0.4326758,65.0,65.0,66.0,494.0,400.0,474.0,0.25164744,258.0,225.0,254.0,4.0,18.0,8.0,11.0,4.875,5.0,20.0,771192.9259114233,1455642.3115834203
152.0,2958.9175,2085.5862,538.61945,767.4268,978.3166,2330.1936,136.0,136.0,135.0,0.15442687,195.0,183.0,180.0,260.0,372.0,285.0,879.0,0.24418367,-0.1170442,0.4140082,65.0,65.0,65.0,493.0,408.0,472.0,0.24821843,247.0,220.0,243.0,4.0,19.0,8.0,12.0,1.25,3.1111112,40.0,771443.0721845595,1455642.3115834203
189.0,1284.7029,898.373,428.92383,571.37463,570.95435,1129.7588,33.0,33.0,33.0,0.09569825,32.0,33.0,31.0,53.0,79.0,59.0,859.0,0.11566003,-0.099703655,0.2173481,15.0,15.0,15.0,133.0,113.0,128.0,0.113369964,52.0,45.0,50.0,2.0,4.0,1.0,2.0,-1.75,2.2222223,20.0,768941.6094531971,1455382.8546549564
172.0,1133.601,767.3017,407.93427,543.5928,532.8725,1056.9772,2.0,2.0,2.0,0.06551117,2.0,2.0,2.0,3.0,5.0,4.0,858.0,0.09460272,-0.071089044,0.08037858,1.0,1.0,1.0,8.0,7.0,8.0,0.09045154,3.0,3.0,3.0,3.0,0.0,0.0,0.0,-1.375,2.3333333,40.0,769191.7557263334,1455382.8546549564
163.0,565.27936,386.53793,352.79797,461.1182,402.40594,562.51715,0.0,0.0,0.0,0.014905174,0.0,0.0,0.0,0.0,0.0,0.0,857.0,0.022378273,-0.011883965,-0.1719712,0.0,0.0,0.0,0.0,0.0,0.0,0.018456623,0.0,0.0,0.0,3.0,0.0,0.0,0.0,-0.25,2.0,40.0,769441.9019994696,1455382.8546549564
131.0,108.649086,91.2608,304.3569,389.69028,298.35904,113.95177,0.0,0.0,0.0,-0.014531427,0.0,0.0,0.0,0.0,0.0,0.0,855.0,-0.04803108,0.026743637,-0.45854992,0.0,0.0,0.0,0.0,0.0,0.0,-0.05127945,0.0,0.0,0.0,4.0,0.0,0.0,0.0,-0.75,0.6666667,30.0,769692.0482726059,1455382.8546549564
274.0,96.69569,84.993355,284.8488,367.2785,276.53052,95.83416,0.0,0.0,0.0,-0.010087265,0.0,0.0,0.0,0.0,0.0,0.0,855.0,-0.046971403,-0.002219513,-0.48695776,0.0,0.0,0.0,0.0,0.0,0.0,-0.050456595,0.0,0.0,0.0,5.0,0.0,0.0,0.0,-0.375,0.33333334,10.0,769942.1945457421,1455382.8546549564
250.0,339.02155,253.10577,290.5383,380.35297,320.2876,292.0678,0.0,0.0,0.0,0.044285294,0.0,0.0,0.0,0.0,0.0,0.0,856.0,-0.0146661,-0.089677066,-0.29413787,0.0,0.0,0.0,0.0,0.0,0.0,-0.017346157,0.0,0.0,0.0,4.0,0.0,0.0,0.0,-1.5,2.0,20.0,770192.3408188784,1455382.8546549564
237.0,1973.2434,1291.0308,431.46173,656.6528,674.95135,2030.9844,6.0,6.0,6.0,0.036669847,8.0,8.0,8.0,10.0,16.0,11.0,861.0,0.24963999,-0.0039771674,0.39216268,3.0,3.0,3.0,22.0,18.0,22.0,0.24476494,10.0,9.0,10.0,3.0,0.0,0.0,0.0,-0.625,4.111111,20.0,770442.4870920145,1455382.8546549564
238.0,2465.105,1643.1333,457.04984,682.21387,766.27155,2392.9119,137.0,138.0,136.0,0.05552074,197.0,189.0,184.0,239.0,381.0,255.0,868.0,0.30245245,-0.011316252,0.51679647,65.0,65.0,66.0,520.0,413.0,505.0,0.29894182,240.0,207.0,240.0,3.0,18.0,7.0,10.0,-0.125,5.2222223,20.0,770692.6333651508,1455382.8546549564
244.0,3024.3223,2120.478,539.60004,772.3819,991.7036,2399.3372,137.0,137.0,136.0,0.15129723,196.0,187.0,182.0,248.0,378.0,268.0,876.0,0.24768752,-0.112821065,0.41993174,65.0,65.0,66.0,507.0,409.0,490.0,0.2523332,245.0,213.0,243.0,3.0,18.0,7.0,10.0,1.125,5.0,40.0,770942.779638287,1455382.8546549564
180.0,2723.0051,1937.1528,535.93146,750.4489,908.16547,2340.1875,138.0,138.0,138.0,0.11263584,190.0,180.0,175.0,251.0,369.0,272.0,884.0,0.2615619,-0.073949866,0.44629467,65.0,65.0,65.0,492.0,404.0,474.0,0.26082474,256.0,227.0,254.0,3.0,18.0,7.0,10.0,6.0,5.3333335,10.0,771192.9259114233,1455382.8546549564
121.0,3099.1377,2258.3826,602.7007,860.4958,1115.9926,2503.642,137.0,138.0,136.0,0.14756782,190.0,179.0,175.0,262.0,378.0,290.0,880.0,0.2431606,-0.105077006,0.39154503,64.0,65.0,65.0,501.0,411.0,477.0,0.24561019,238.0,211.0,233.0,3.0,18.0,8.0,11.0,0.375,1.4444444,40.0,771443.0721845595,1455382.8546549564
151.0,1601.14,1056.7219,425.85385,591.98834,585.5521,1554.5078,0.0,0.0,0.0,0.06405714,0.0,0.0,0.0,0.0,0.0,0.0,859.0,0.20075688,-0.05297894,0.3428212,0.0,0.0,0.0,0.0,0.0,0.0,0.19351968,0.0,0.0,0.0,3.0,0.0,0.0,0.0,-0.625,1.2222222,10.0,768941.6094531971,1455123.3977264925
141.0,536.8236,392.18628,354.12738,453.6467,407.8061,455.95612,0.0,0.0,0.0,0.059913315,0.0,0.0,0.0,0.0,0.0,0.0,857.0,0.0012634146,-0.093241744,-0.17076539,0.0,0.0,0.0,0.0,0.0,0.0,-0.00089101976,0.0,0.0,0.0,4.0,0.0,0.0,0.0,-1.125,1.8888888,40.0,769191.7557263334,1455123.3977264925
121.0,118.636284,97.62172,305.5585,391.1498,303.33163,112.33239,0.0,0.0,0.0,0.0044478625,0.0,0.0,0.0,0.0,0.0,0.0,855.0,-0.04954893,-0.025963359,-0.4668595,0.0,0.0,0.0,0.0,0.0,0.0,-0.052940413,0.0,0.0,0.0,4.0,0.0,0.0,0.0,-1.375,1.2222222,20.0,769441.9019994696,1455123.3977264925
157.0,90.30526,78.939735,296.12848,380.5683,289.977,82.056435,0.0,0.0,0.0,0.003493941,0.0,0.0,0.0,0.0,0.0,0.0,855.0,-0.054139715,-0.054940812,-0.56226367,0.0,0.0,0.0,0.0,0.0,0.0,-0.058066156,0.0,0.0,0.0,4.0,0.0,0.0,0.0,-0.25,0.22222222,30.0,769692.0482726059,1455123.3977264925
271.0,99.088974,87.20719,276.90344,363.0734,274.5041,78.90891,0.0,0.0,0.0,0.0233394,0.0,0.0,0.0,0.0,0.0,0.0,855.0,-0.050699074,-0.10756614,-0.55943805,0.0,0.0,0.0,0.0,0.0,0.0,-0.05482833,0.0,0.0,0.0,2.0,0.0,0.0,0.0,-0.5,0.44444445,30.0,769942.1945457421,1455123.3977264925
244.0,362.2937,269.17264,286.72293,379.8335,325.79553,300.69586,1.0,1.0,1.0,0.0782314,2.0,1.0,1.0,2.0,3.0,2.0,856.0,-0.013649061,-0.15274183,-0.29359248,1.0,1.0,1.0,5.0,4.0,5.0,-0.016743012,2.0,2.0,2.0,2.0,0.0,0.0,0.0,-1.5,2.0,40.0,770192.3408188784,1455123.3977264925
231.0,1969.4409,1294.6455,428.73035,646.65515,661.5348,1960.0917,112.0,112.0,111.0,0.049247358,134.0,128.0,123.0,180.0,286.0,193.0,860.0,0.24122685,-0.017723624,0.3845318,54.0,53.0,54.0,440.0,358.0,427.0,0.23657769,194.0,169.0,193.0,2.0,15.0,6.0,8.0,-1.375,3.6666667,40.0,770442.4870920145,1455123.3977264925
231.0,2445.7134,1665.7605,511.82224,746.3467,816.63055,2465.023,138.0,138.0,137.0,0.036943372,171.0,163.0,158.0,242.0,365.0,259.0,866.0,0.30816054,0.009824446,0.512224,65.0,65.0,66.0,513.0,420.0,497.0,0.29987234,245.0,215.0,244.0,3.0,18.0,7.0,10.0,-1.25,4.6666665,40.0,770692.6333651508,1455123.3977264925
238.0,2816.4956,2011.7433,534.9926,756.5356,955.30035,2299.0642,137.0,138.0,137.0,0.13880837,177.0,166.0,162.0,249.0,375.0,269.0,874.0,0.24087484,-0.0995707,0.4175819,65.0,65.0,66.0,502.0,408.0,483.0,0.24408263,249.0,217.0,247.0,3.0,18.0,7.0,10.0,0.375,5.0,40.0,770942.779638287,1455123.3977264925
173.0,2729.668,1945.1492,528.09314,765.38324,975.2135,2360.016,138.0,138.0,137.0,0.11791624,175.0,167.0,162.0,249.0,365.0,271.0,880.0,0.24606195,-0.06944244,0.4243189,64.0,65.0,65.0,505.0,419.0,486.0,0.2502605,246.0,217.0,243.0,3.0,18.0,7.0,10.0,3.25,3.7777777,40.0,771192.9259114233,1455123.3977264925
146.0,2914.1296,2042.2164,559.627,849.5916,1058.5842,2658.0955,138.0,138.0,137.0,0.1014418,172.0,163.0,160.0,260.0,365.0,284.0,877.0,0.27796516,-0.04562052,0.4369342,64.0,65.0,65.0,515.0,435.0,496.0,0.27950606,224.0,200.0,220.0,3.0,17.0,7.0,10.0,-1.25,2.4444444,40.0,771443.0721845595,1455123.3977264925
119.0,2429.5532,1590.9325,469.46234,697.5605,827.519,2358.9602,95.0,96.0,96.0,0.06543807,93.0,97.0,92.0,156.0,238.0,175.0,863.0,0.29483384,-0.016461257,0.4677699,48.0,48.0,48.0,445.0,379.0,429.0,0.29025438,132.0,116.0,130.0,3.0,24.0,15.0,16.0,2.625,2.7777777,20.0,768941.6094531971,1454863.9407980286
122.0,1066.141,745.0795,384.7132,536.06195,575.46515,970.91223,8.0,8.0,8.0,0.071645066,8.0,8.0,8.0,13.0,20.0,15.0,859.0,0.060426816,-0.078820184,-0.0656403,4.0,4.0,4.0,37.0,32.0,36.0,0.058719203,11.0,10.0,11.0,3.0,2.0,1.0,1.0,0.75,2.6666667,60.0,769191.7557263334,1454863.9407980286
130.0,145.31876,115.728096,286.00116,369.4641,292.18613,130.8109,0.0,0.0,0.0,0.034739416,0.0,0.0,0.0,0.0,0.0,0.0,855.0,-0.043282356,-0.11082576,-0.5008329,0.0,0.0,0.0,0.0,0.0,0.0,-0.04754906,0.0,0.0,0.0,2.0,0.0,0.0,0.0,-1.125,1.0,30.0,769441.9019994696,1454863.9407980286
205.0,84.62057,78.72776,279.5691,363.6355,279.2466,57.912148,0.0,0.0,0.0,0.038195975,0.0,0.0,0.0,0.0,0.0,0.0,855.0,-0.05742094,-0.19393079,-0.6585346,0.0,0.0,0.0,0.0,0.0,0.0,-0.062209956,0.0,0.0,0.0,4.0,0.0,0.0,0.0,-0.125,0.11111111,30.0,769692.0482726059,1454863.9407980286
276.0,93.61472,86.251915,268.6826,350.87244,267.20114,64.4349,0.0,0.0,0.0,0.039261162,0.0,0.0,0.0,0.0,0.0,0.0,855.0,-0.052533172,-0.18672785,-0.6154371,0.0,0.0,0.0,0.0,0.0,0.0,-0.057060342,0.0,0.0,0.0,3.0,0.0,0.0,0.0,-1.0,0.8888889,30.0,769942.1945457421,1454863.9407980286
246.0,578.14514,395.20392,304.58835,413.9531,365.5499,542.0263,0.0,0.0,0.0,0.059738304,0.0,0.0,0.0,0.0,0.0,0.0,857.0,0.024677081,-0.116733186,-0.22606736,0.0,0.0,0.0,1.0,1.0,1.0,0.020544436,0.0,0.0,0.0,2.0,0.0,0.0,0.0,-1.375,2.5555556,40.0,770192.3408188784,1454863.9407980286
234.0,2074.4316,1328.0269,425.96396,657.57947,644.25964,2183.0486,137.0,138.0,137.0,0.025226306,147.0,144.0,139.0,227.0,342.0,245.0,861.0,0.2885401,0.013441273,0.46820962,66.0,65.0,66.0,537.0,449.0,523.0,0.28008994,236.0,210.0,232.0,2.0,18.0,7.0,10.0,-1.25,3.7777777,20.0,770442.4870920145,1454863.9407980286
227.0,2441.2195,1710.2452,545.9732,768.7004,845.9269,2370.0786,138.0,139.0,137.0,0.058137003,155.0,150.0,144.0,236.0,347.0,257.0,866.0,0.28655073,-0.016243117,0.4772782,66.0,65.0,66.0,525.0,440.0,508.0,0.2775034,239.0,212.0,235.0,2.0,18.0,7.0,10.0,-1.375,3.8888888,10.0,770692.6333651508,1454863.9407980286
238.0,2507.0671,1859.2633,508.639,684.86346,851.89075,1947.2644,138.0,139.0,137.0,0.156377,157.0,151.0,145.0,237.0,350.0,257.0,872.0,0.20691359,-0.12765883,0.39346203,65.0,65.0,66.0,524.0,439.0,504.0,0.20993632,240.0,212.0,238.0,3.0,18.0,7.0,10.0,-0.375,3.6666667,40.0,770942.779638287,1454863.9407980286
161.0,3189.5825,2408.6335,634.6788,890.7618,1266.1642,2370.6216,138.0,137.0,136.0,0.19034557,163.0,157.0,152.0,246.0,357.0,270.0,877.0,0.18469006,-0.14528032,0.31768894,64.0,65.0,65.0,516.0,430.0,495.0,0.19381052,238.0,213.0,235.0,3.0,18.0,7.0,11.0,2.375,2.7777777,40.0,771192.9259114233,1454863.9407980286
140.0,3221.771,2422.3313,706.72876,1006.44653,1406.854,2602.0056,138.0,137.0,136.0,0.16229835,156.0,152.0,145.0,257.0,358.0,281.0,874.0,0.19531208,-0.10481916,0.31244963,64.0,65.0,65.0,524.0,445.0,504.0,0.2024905,219.0,197.0,216.0,3.0,18.0,7.0,10.0,-1.75,2.0,40.0,771443.0721845595,1454863.9407980286
129.0,2684.7034,1808.7056,516.9375,771.3701,992.541,2437.8528,136.0,137.0,137.0,0.10162216,115.0,123.0,115.0,211.0,329.0,240.0,864.0,0.26820344,-0.045915484,0.43224877,64.0,65.0,65.0,622.0,525.0,597.0,0.2703341,167.0,146.0,163.0,3.0,21.0,10.0,13.0,2.375,2.1111112,20.0,768941.6094531971,1454604.4838695647
131.0,1539.3749,1084.2637,428.34247,606.0085,728.509,1299.3542,98.0,100.0,99.0,0.11772282,89.0,95.0,89.0,161.0,250.0,183.0,858.0,0.09219756,-0.1211538,0.060026575,48.0,49.0,49.0,464.0,392.0,445.0,0.093858086,129.0,113.0,126.0,3.0,23.0,15.0,15.0,-1.125,3.0,40.0,769191.7557263334,1454604.4838695647
135.0,159.29984,128.32547,271.7047,352.55014,281.1165,128.49182,7.0,7.0,7.0,0.054268345,6.0,7.0,6.0,11.0,18.0,13.0,855.0,-0.040684585,-0.16470258,-0.49322775,3.0,3.0,3.0,33.0,28.0,31.0,-0.044888213,9.0,8.0,9.0,2.0,1.0,1.0,1.0,-1.25,1.1111112,30.0,769441.9019994696,1454604.4838695647
189.0,86.90845,79.73916,265.2899,342.6229,263.9411,47.51179,0.0,0.0,0.0,0.057640728,0.0,0.0,0.0,0.0,0.0,0.0,855.0,-0.0562617,-0.29912546,-0.6964955,0.0,0.0,0.0,0.0,0.0,0.0,-0.061262757,0.0,0.0,0.0,4.0,0.0,0.0,0.0,-0.25,0.22222222,20.0,769692.0482726059,1454604.4838695647
243.0,102.89982,88.86348,259.45102,335.37448,255.27203,68.31708,0.0,0.0,0.0,0.044176836,0.0,0.0,0.0,0.0,0.0,0.0,856.0,-0.04971652,-0.22944126,-0.60755354,0.0,0.0,0.0,0.0,0.0,0.0,-0.05408339,0.0,0.0,0.0,6.0,0.0,0.0,0.0,-0.375,1.2222222,30.0,769942.1945457421,1454604.4838695647
219.0,1356.059,871.4143,366.21146,527.02594,514.28827,1311.4741,97.0,100.0,99.0,0.054884396,96.0,103.0,98.0,179.0,256.0,193.0,859.0,0.143956,-0.07631935,0.076904014,49.0,49.0,50.0,431.0,369.0,419.0,0.1381978,151.0,137.0,149.0,4.0,24.0,17.0,15.0,-0.25,2.8888888,40.0,770192.3408188784,1454604.4838695647
261.0,2347.8945,1456.6079,448.10333,714.2092,706.1553,2819.8635,138.0,139.0,138.0,-0.032761574,133.0,136.0,129.0,230.0,330.0,252.0,865.0,0.3918523,0.08661037,0.5921098,65.0,65.0,66.0,540.0,463.0,523.0,0.373226,230.0,206.0,225.0,3.0,17.0,7.0,9.0,1.875,3.6666667,40.0,770442.4870920145,1454604.4838695647
200.0,2417.3281,1561.6157,473.6902,711.5569,765.65686,2555.3455,137.0,138.0,137.0,0.02822939,135.0,137.0,129.0,233.0,332.0,257.0,869.0,0.33565658,0.018969879,0.52710164,65.0,65.0,66.0,535.0,461.0,517.0,0.32276183,231.0,208.0,226.0,2.0,17.0,7.0,10.0,1.25,3.1111112,40.0,770692.6333651508,1454604.4838695647
240.0,2495.3723,1716.4564,463.0707,652.0226,817.01385,2014.0435,137.0,138.0,136.0,0.1422368,138.0,138.0,130.0,234.0,338.0,257.0,872.0,0.23198545,-0.105908625,0.42670447,65.0,65.0,66.0,534.0,455.0,516.0,0.2368462,231.0,207.0,227.0,2.0,17.0,6.0,10.0,0.125,2.5555556,40.0,770942.779638287,1454604.4838695647
192.0,2997.0752,2163.5151,574.60046,810.8333,1107.9514,2248.5793,138.0,139.0,137.0,0.18002428,143.0,140.0,131.0,233.0,341.0,258.0,875.0,0.20560183,-0.14023244,0.35733908,65.0,65.0,65.0,536.0,452.0,515.0,0.21307848,230.0,207.0,226.0,2.0,18.0,7.0,10.0,1.5,1.7777778,40.0,771192.9259114233,1454604.4838695647
165.0,3070.5166,2284.7915,647.40405,923.3407,1287.0602,2448.7974,138.0,138.0,137.0,0.16195217,139.0,136.0,128.0,240.0,341.0,266.0,873.0,0.20139793,-0.10812835,0.32796386,65.0,65.0,65.0,537.0,457.0,514.0,0.20854534,223.0,202.0,220.0,3.0,18.0,7.0,10.0,-1.25,1.1111112,40.0,771443.0721845595,1454604.4838695647
