soc_15-30,soc_0-5,soc_5-15,som,clay_5-15,clay_15-30,bd_0-5,bd_0_30,cec_5-15,bd_15-30,clay_0_30,sand_0_30,bd_5-15,cec_0-5,pool_RPM,porosity,pool_IOM,pool_HUM,sand_0-5,pool_BIO,clay_0-5,sand_5-15,pool_DPM,silt_0_30,silt_15-30,soc_0_30,x,y
0.7344438,0.80344284,0.63981,1.23162394496,0.97770995,0.968046,1.004662,1.0010875316666663,1.390718,0.99767333,0.971486445,0.9513400166666666,1.0044216,1.2864952,0.1021488377870573,0.6222311201257862,0.033406788086284,0.5516037240501099,0.9515618,0.0204297675574114,0.96936077,0.94672096,0.0068099225191371,1.0566296000000002,1.0564005,0.71439904,768941.6094531971,1457717.967011131
0.6452123,0.6844619,0.5705497,1.0807176161333332,0.96958315,0.8962738,0.95751184,0.94860079,1.2606585,0.9506505,0.92994721,0.87709835,0.9410707,1.1747551,0.0897120843406718,0.6420374377358491,0.0287858043955211,0.4844452554396278,0.8726547,0.0179424168681343,0.95169556,0.86063355,0.0059808056227114,1.01594465,1.0260133,0.6268663666666666,769191.7557263334,1457717.967011131
-1.0278782,-1.1002524,-1.091697,-1.829532074,-1.09461,-1.0954039,-1.1013803,-1.1022351166666666,-1.0449402,-1.10268,-1.09401055,-1.1048330333333332,-1.1019952,-1.0488718,,0.99,,,-1.1041776,,-1.0886316,-1.1064643,,-1.0805815166666666,-1.0808378,-1.0612135,769441.9019994696,1457717.967011131
-1.0948018,-1.1543347,-1.1436422,-1.9326110396666665,-1.159624,-1.161195,-1.1642473,-1.1651784166666668,-1.1277053,-1.165377,-1.1603542166666665,-1.1698242833333334,-1.1653461,-1.1270899,,0.99,,,-1.1706257,,-1.1592923,-1.1710299,,-1.1520036500000002,-1.1517415,-1.1210040833333332,769692.0482726059,1457717.967011131
-1.0948018,-1.1543347,-1.1436422,-1.9326110396666665,-1.159624,-1.161195,-1.1642473,-1.1651784166666668,-1.1277053,-1.165377,-1.1603542166666665,-1.1698242833333334,-1.1653461,-1.1270899,,0.99,,,-1.1706257,,-1.1592923,-1.1710299,,-1.1520036500000002,-1.1517415,-1.1210040833333332,769942.1945457421,1457717.967011131
-1.0948018,-1.1543347,-1.1436422,-1.9326110396666665,-1.159624,-1.161195,-1.1642473,-1.1651784166666668,-1.1277053,-1.165377,-1.1603542166666665,-1.1698242833333334,-1.1653461,-1.1270899,,0.99,,,-1.1706257,,-1.1592923,-1.1710299,,-1.1520036500000002,-1.1517415,-1.1210040833333332,770192.3408188784,1457717.967011131
-0.871723,-0.8947398,-0.83197093,-1.4866197563066668,-0.89956814,-0.89803046,-0.8970628,-0.8976692700000001,-0.8439393,-0.89891434,-0.8979237383333333,-0.89595225,-0.8961049,-0.8365657,,0.99,,,-0.9006801,,-0.89431477,-0.8955501,,-0.8758760833333333,-0.878256,-0.8623084433333333,770442.4870920145,1457717.967011131
0.66752017,0.8142593,1.107317,1.44570439474,0.7745413,0.8065586,0.8789282,0.8752008366666666,1.047834,0.8722791,0.79505,0.8782690983333334,0.87771976,1.0965371,0.1197718117229078,0.6697355333333334,0.0400968901806145,0.6467677833037022,0.86019564,0.0239543623445815,0.8015416,0.87785107,0.0079847874481938,0.9182817366666668,0.9145933,0.838575635,770692.6333651508,1457717.967011131
0.7121359,0.80344284,1.0553718,1.45120404956,0.88831574,0.9321599,1.004662,1.0010875316666663,1.0833048,0.99767333,0.91196854,1.0032678066666665,1.0044216,1.152407,0.120224252658689,0.6222311201257862,0.0402706722754062,0.6492109643569209,0.99309194,0.0240448505317378,0.89870006,1.0069822,0.0080149501772459,1.0288652333333332,1.0158842,0.84176569,770942.779638287,1457717.967011131
0.6452123,0.7926264,0.9861114,1.3506063394,0.91269594,0.9261789,1.004662,1.0089246666666665,1.0123633,1.0133476,0.92152107,1.010000875,1.0044216,1.0741891,0.1119461463346093,0.619273710691824,0.037106707769271,0.6045091902068904,0.99724495,0.0223892292669218,0.92519784,1.0026778,0.0074630764223072,1.0103118166666667,1.0057551,0.7834143499999999,771192.9259114233,1457717.967011131
0.60059655,0.7818099,0.91685116,1.2692380706466666,0.9370762,0.92019784,1.004662,1.0089246666666665,0.9414218,1.0133476,0.93107358,1.0182191566666663,1.0044216,1.018319,0.1052468516526502,0.619273710691824,0.0345713006489982,0.5683329989243114,0.99309194,0.02104937033053,0.95169556,1.0069822,0.0070164567768433,0.98216042,0.98549694,0.7362169783333333,771443.0721845595,1457717.967011131
0.7344438,0.760177,0.5705497,1.1793906412,1.010217,0.9022548,1.004662,0.995808265,1.3079529,0.99767333,0.9494265283333332,0.9804625166666666,0.9885838,1.1971031,0.0978455122589393,0.6242232962264151,0.0317978849404043,0.5283657661982725,0.96817386,0.0195691024517878,0.96936077,0.95102537,0.0065230341505959,1.0457636166666666,1.0766587,0.6841013,768941.6094531971,1457458.5100826677
0.8236753,0.7709935,0.62249494,1.28926733312,0.94520295,0.9321599,0.95751184,0.9538800233333332,1.2724822,0.9506505,0.93534724,0.90902771,0.9569084,1.1971031,0.1068962272697369,0.6400452742138365,0.0351933648684205,0.5772396272565794,0.91833776,0.0213792454539473,0.92519784,0.9036773,0.0071264151513157,1.0294334833333332,1.0260133,0.74783488,769191.7557263334,1457458.5100826677
-1.0055703,-1.067803,-1.0570669,-1.7810781058,-1.0702298,-1.0714798,-1.0699469,-1.0707634500000005,-1.021293,-1.0713314,-1.0709775833333337,-1.0796117,-1.0703198,-1.0265237,,0.99,,,-1.0792595,,-1.0709665,-1.080638,,-1.0569636333333332,-1.0605797,-1.03310795,769441.9019994696,1457458.5100826677
-1.0948018,-1.1543347,-1.1436422,-1.9326110396666665,-1.159624,-1.161195,-1.1642473,-1.1651784166666668,-1.1277053,-1.165377,-1.1603542166666665,-1.1698242833333334,-1.1653461,-1.1270899,,0.99,,,-1.1706257,,-1.1592923,-1.1710299,,-1.1520036500000002,-1.1517415,-1.1210040833333332,769692.0482726059,1457458.5100826677
-1.0948018,-1.1543347,-1.1436422,-1.9326110396666665,-1.159624,-1.161195,-1.1642473,-1.1651784166666668,-1.1277053,-1.165377,-1.1603542166666665,-1.1698242833333334,-1.1653461,-1.1270899,,0.99,,,-1.1706257,,-1.1592923,-1.1710299,,-1.1520036500000002,-1.1517415,-1.1210040833333332,769942.1945457421,1457458.5100826677
-1.0948018,-1.1543347,-1.1436422,-1.9326110396666665,-1.159624,-1.161195,-1.1642473,-1.1651784166666668,-1.1277053,-1.165377,-1.1603542166666665,-1.1698242833333334,-1.1653461,-1.1270899,,0.99,,,-1.1706257,,-1.1592923,-1.1710299,,-1.1520036500000002,-1.1517415,-1.1210040833333332,770192.3408188784,1457458.5100826677
-1.0724939,-1.1327018,-1.1263272,-1.8972154232666667,-1.1433705,-1.143252,-1.1485305,-1.14944265,-1.1040581,-1.1497028,-1.1430207,-1.153840683333333,-1.1495085,-1.1047418,,0.99,,,-1.1540136,,-1.1416272,-1.1538124,,-1.132881933333333,-1.1314833,-1.100472983333333,770442.4870920145,1457458.5100826677
-1.0055703,-1.0461701,-1.0224367,-1.7549614309333337,-1.0539763,-1.0535368,-1.0542301,-1.0550275999999998,-1.0094695,-1.0556571,-1.052171966666667,-1.059009366666667,-1.0544821,-1.0041758,,0.99,,,-1.0584944,,-1.0444688,-1.0591162,,-1.0327773999999998,-1.0301924,-1.0179590666666667,770692.6333651508,1457458.5100826677
-0.73787576,-0.75412595,-0.7453956,-1.2810884328866667,-0.74516,-0.73654306,-0.7241787,-0.7245751000000001,-0.66658556,-0.7264973,-0.7406850016666666,-0.7407485000000001,-0.72189,-0.6577816,,0.99,,,-0.7428658,,-0.74416083,-0.7405927,,-0.6933022,-0.6959323,-0.7430907383333334,770942.779638287,1457458.5100826677
0.5782887,0.71691126,0.67444015,1.0920556343066667,0.7745413,0.81253964,0.8789282,0.8752008366666666,0.9887161,0.8722791,0.7936242366666666,0.82104305,0.87771976,1.0294931,0.0906469370668247,0.6697355333333334,0.029130029554502,0.4894934601608534,0.81451255,0.0181293874133649,0.7750439,0.8261986,0.0060431291377883,0.9810610883333336,0.96523875,0.6334429433333334,771192.9259114233,1457458.5100826677
0.68982804,0.760177,0.882221,1.320038963146667,0.880189,0.90823585,0.9889453,0.9853517,1.0714812,0.9819991,0.8928813149999999,0.9943445666666668,0.9885838,1.1077111,0.1094298264536913,0.6281691698113208,0.0361516769753913,0.5909210628499331,0.9889389,0.0218859652907382,0.87220234,0.9897647,0.0072953217635794,1.0721730833333334,1.0665296,0.7656838533333333,771443.0721845595,1457458.5100826677
0.7790595,0.7818099,0.5705497,1.2240652278666666,0.9614564,0.8484257,1.004662,0.995808265,1.3197764,0.99767333,0.90184215,1.00397216,0.9885838,1.2082771,0.1015261901691978,0.6242232962264151,0.0331733655386809,0.5482414269136684,0.9764799,0.0203052380338395,0.942863,0.97254723,0.0067684126779465,1.0618753833333334,1.0969169,0.7100146333333333,768941.6094531971,1457199.0531542036
0.8013674,0.82507575,0.6571251,1.3054783550999998,0.9370762,0.9142169,1.004662,0.995808265,1.3788943,0.99767333,0.92808311,0.9755418916666666,0.9885838,1.2753211,0.1082310294636007,0.6242232962264151,0.0356978285759946,0.5844475591034443,0.96402085,0.0216462058927201,0.95169556,0.9682428,0.00721540196424,1.0622624166666663,1.0766587,0.7572380249999999,769191.7557263334,1457199.0531542036
0.60059655,0.5222151,0.5186045,0.9657887508333334,0.6770204,0.68693835,0.6903274,0.6916500716666666,1.0241868,0.68418777,0.6821235416666667,0.6753537916666665,0.70350486,0.98479706,0.0802314936349541,0.7389999729559749,0.0253256674336392,0.4332500656287522,0.68161625,0.0160462987269908,0.6778854,0.6798499,0.0053487662423302,0.7518196116666668,0.75252783,0.5602022916666667,769441.9019994696,1457199.0531542036
-1.0278782,-1.0894359,-1.074382,-1.8164737796666663,-1.0864832,-1.089423,-1.0856636,-1.0864993166666668,-1.0449402,-1.0870057,-1.0883111666666667,-1.0987794,-1.0861576,-1.0488718,,0.99,,,-1.1000246,,-1.0886316,-1.0978556,,-1.0805815166666666,-1.0808378,-1.0536390833333331,769692.0482726059,1457199.0531542036
-1.0948018,-1.1543347,-1.1436422,-1.9326110396666665,-1.159624,-1.161195,-1.1642473,-1.1651784166666668,-1.1277053,-1.165377,-1.1603542166666665,-1.1698242833333334,-1.1653461,-1.1270899,,0.99,,,-1.1706257,,-1.1592923,-1.1710299,,-1.1520036500000002,-1.1517415,-1.1210040833333332,769942.1945457421,1457199.0531542036
-1.0948018,-1.1543347,-1.1436422,-1.9326110396666665,-1.159624,-1.161195,-1.1642473,-1.1651784166666668,-1.1277053,-1.165377,-1.1603542166666665,-1.1698242833333334,-1.1653461,-1.1270899,,0.99,,,-1.1706257,,-1.1592923,-1.1710299,,-1.1520036500000002,-1.1517415,-1.1210040833333332,770192.3408188784,1457199.0531542036
-1.0948018,-1.1543347,-1.1436422,-1.9326110396666665,-1.159624,-1.161195,-1.1642473,-1.1651784166666668,-1.1277053,-1.165377,-1.1603542166666665,-1.1698242833333334,-1.1653461,-1.1270899,,0.99,,,-1.1706257,,-1.1592923,-1.1710299,,-1.1520036500000002,-1.1517415,-1.1210040833333332,770442.4870920145,1457199.0531542036
-0.871723,-0.9163727,-0.9012312,-1.5326371780666668,-0.9076949,-0.9040114,-0.9127795,-0.9134050983333334,-0.8557629,-0.91458863,-0.9050952233333334,-0.92297325,-0.9119426,-0.8589137,,0.99,,,-0.9214452,,-0.90314734,-0.92137635,,-0.8949977383333334,-0.8985142,-0.8890006833333334,770692.6333651508,1457199.0531542036
0.5782887,0.6520125,0.62249494,1.0435568765866667,0.75016105,0.8005776,0.75319433,0.7493141883333333,0.9532454,0.7468849,0.7809885666666666,0.7023875333333333,0.75101805,0.906579,0.0866475416692147,0.7172399289308176,0.0276611355385681,0.4678967250137598,0.7065343,0.0173295083338429,0.7838765,0.7185893,0.0057765027779476,0.8206187699999999,0.80317324,0.6053114133333334,770942.779638287,1457199.0531542036
0.7344438,0.8142593,0.77833056,1.3143350229466668,0.94520295,0.980008,0.9732286,0.9696158766666666,1.1778934,0.9663248,0.9695759666666668,0.9346770833333332,0.97274613,1.1412331,0.1089602248883157,0.6341072163522012,0.0359738040778954,0.5883852143969048,0.9349498,0.0217920449776631,0.9870259,0.9424166,0.0072640149925543,1.05457495,1.0462714,0.7623753033333335,771192.9259114233,1457199.0531542036
0.68982804,0.80344284,0.81296074,1.2926691184266663,0.9289495,0.9381409,0.9732286,0.9774530266666666,1.1424227,0.9819991,0.9388083166666666,0.9407180033333334,0.97274613,1.118885,0.1071763383764859,0.6311498012578617,0.0352991508234268,0.5787522272330243,0.9349498,0.0214352676752971,0.9605282,0.93811226,0.007145089225099,1.1316299166666668,1.1374333,0.7498080733333333,771443.0721845595,1457199.0531542036
0.7344438,0.82507575,0.63981,1.2378398010999998,0.97770995,0.87234974,1.0203788,1.003706998333333,1.2251878,0.99767333,0.92216622,0.97658628,1.0044216,1.1635811,0.1026608451391122,0.6212426421383648,0.0335988907392515,0.5543685637512062,0.95986784,0.0205321690278224,0.9605282,0.95102537,0.0068440563426074,1.0809970333333334,1.1171751,0.7180045249999999,768941.6094531971,1456939.5962257397
0.8236753,0.80344284,0.74370044,1.368243870813333,0.9370762,0.9142169,1.004662,0.995808265,1.3316001,0.99767333,0.92808311,0.9663041633333334,0.9885838,1.2976692,0.1133978697528321,0.6242232962264151,0.0376591383144526,0.6123484966652935,0.9557148,0.0226795739505664,0.95169556,0.9596341,0.0075598579835221,1.0954411833333333,1.107046,0.7936449366666667,769191.7557263334,1456939.5962257397
0.7344438,0.7493606,0.77833056,1.2956874631466668,0.96958315,0.9321599,0.95751184,0.94860079,1.2606585,0.9506505,0.9523065566666666,0.92791853,0.9410707,1.2194512,0.1074248712106461,0.6420374377358491,0.0353930452623587,0.5800943045374894,0.9224908,0.0214849742421292,0.97819334,0.92089474,0.0071616580807097,0.9681405033333336,0.97536784,0.7515588533333334,769441.9019994696,1456939.5962257397
-1.0278782,-1.0786195,-1.074382,-1.8133658674,-1.0783565,-1.0774609,-1.0856636,-1.0864993166666668,-1.0331166,-1.0870057,-1.0781491166666666,-1.0895417,-1.0861576,-1.0376978,,0.99,,,-1.0917186,,-1.079799,-1.0892469,,-1.0710207333333337,-1.0707088,-1.05183635,769692.0482726059,1456939.5962257397
-1.0948018,-1.1543347,-1.1436422,-1.9326110396666665,-1.159624,-1.161195,-1.1642473,-1.1651784166666668,-1.1277053,-1.165377,-1.1603542166666665,-1.1698242833333334,-1.1653461,-1.1270899,,0.99,,,-1.1706257,,-1.1592923,-1.1710299,,-1.1520036500000002,-1.1517415,-1.1210040833333332,769942.1945457421,1456939.5962257397
-1.0948018,-1.1543347,-1.1436422,-1.9326110396666665,-1.159624,-1.161195,-1.1642473,-1.1651784166666668,-1.1277053,-1.165377,-1.1603542166666665,-1.1698242833333334,-1.1653461,-1.1270899,,0.99,,,-1.1706257,,-1.1592923,-1.1710299,,-1.1520036500000002,-1.1517415,-1.1210040833333332,770192.3408188784,1456939.5962257397
-1.0724939,-1.1327018,-1.1263272,-1.8972154232666667,-1.1514972,-1.149233,-1.1485305,-1.14944265,-1.1158817,-1.1497028,-1.1501922,-1.1598943666666666,-1.1495085,-1.1159158,,0.99,,,-1.1581666,,-1.1504598,-1.1624211,,-1.1424428333333334,-1.1416124,-1.100472983333333,770442.4870920145,1456939.5962257397
-0.64864427,-0.73249304,-0.7280805,-1.1880046215666666,-0.8101739,-0.8023342,-0.8184791,-0.8189900816666668,-0.737527,-0.82054293,-0.804084455,-0.8288340116666667,-0.8169163,-0.74717367,,0.99,,,-0.83007896,,-0.79715633,-0.8266801,,-0.7853323666666666,-0.7870942,-0.6890978083333333,770692.6333651508,1456939.5962257397
0.66752017,0.6844619,0.7090703,1.17955017154,0.85580873,0.9261789,0.8474947,0.8515663033333335,1.0951284,0.8566048,0.8966702766666667,0.7982887333333333,0.84604436,1.051841,0.0978586576518084,0.6786542251572326,0.0318027839879437,0.5284367513197656,0.8062065,0.0195717315303616,0.8898675,0.8218942,0.0065239105101205,0.90758436,0.884206,0.684193835,770942.779638287,1456939.5962257397
0.7121359,0.7926264,0.8302758,1.3187409578000002,0.96958315,1.0039321,0.9732286,0.9774530266666666,1.2251878,0.9819991,0.99408105,0.92438227,0.97274613,1.1971031,0.1093229639563739,0.6311498012578617,0.0361111902908407,0.5903440053644191,0.9266438,0.0218645927912747,1.0135237,0.93811226,0.0072881975970915,1.0736966,1.0665296,0.7649309500000001,771192.9259114233,1456939.5962257397
0.7344438,0.7709935,0.882221,1.3616056892666666,0.94520295,0.962065,0.9732286,0.9774530266666666,1.2133642,0.9819991,0.9620765666666666,0.9251121433333334,0.97274613,1.1859291,0.1128515067615791,0.6311498012578617,0.0374511049228057,0.6093981365125274,0.91833776,0.0225703013523158,0.9958585,0.9295035,0.0075234337841052,1.1220690333333332,1.1273042,0.7897944833333334,771443.0721845595,1456939.5962257397
0.8236753,0.8358922,1.0726868,1.566625148466667,1.0020901,0.8962738,1.004662,0.98797115,0.9532454,0.9819991,0.94667125,1.0135371533333335,0.9885838,0.940101,0.1297165151560972,0.6271806981132075,0.043938515626018,0.7004691818429253,0.99309194,0.0259433030312194,0.9870259,0.98546034,0.0086477676770731,0.9833713166666668,1.0057551,0.9087152833333332,768941.6094531971,1456680.1392972758
0.75675166,0.662829,0.9341662,1.3796069731866667,1.0264704,0.974027,1.004662,0.98797115,1.106952,0.9819991,0.9995630166666668,0.98403701,0.9885838,1.1077111,0.114333073851125,0.6271806981132075,0.0380155709924995,0.6173985987960753,0.9764799,0.022866614770225,1.0223563,0.97254723,0.0076222049234083,0.9615895916666668,0.96523875,0.8002360633333333,769191.7557263334,1456680.1392972758
0.5782887,0.5005822,0.77833056,1.0895994400133333,0.8639355,0.8185206,0.831778,0.8148769666666666,0.9414218,0.809582,0.8411337500000001,0.8135418866666666,0.8143689,0.940101,0.0904444230210762,0.6924992578616352,0.0290554165261585,0.4883998843138116,0.8062065,0.0180888846042152,0.8633697,0.80037236,0.006029628201405,0.7799338333333333,0.772786,0.6320182366666667,769441.9019994696,1456680.1392972758
-1.0278782,-1.0894359,-1.074382,-1.8164737796666663,-1.0783565,-1.0834419,-1.0856636,-1.0864993166666668,-1.0449402,-1.0870057,-1.0811396166666667,-1.0941605333333333,-1.0861576,-1.0488718,,0.99,,,-1.0958716,,-1.079799,-1.0935512,,-1.0805815166666666,-1.0808378,-1.0536390833333331,769692.0482726059,1456680.1392972758
-1.0948018,-1.1543347,-1.1436422,-1.9326110396666665,-1.159624,-1.161195,-1.1642473,-1.1651784166666668,-1.1277053,-1.165377,-1.1603542166666665,-1.1698242833333334,-1.1653461,-1.1270899,,0.99,,,-1.1706257,,-1.1592923,-1.1710299,,-1.1520036500000002,-1.1517415,-1.1210040833333332,769942.1945457421,1456680.1392972758
-1.0724939,-1.1327018,-1.1263272,-1.8972154232666667,-1.1514972,-1.149233,-1.1485305,-1.14944265,-1.1158817,-1.1497028,-1.1501922,-1.16058655,-1.1495085,-1.1159158,,0.99,,,-1.1623197,,-1.1504598,-1.1624211,,-1.1424428333333334,-1.1416124,-1.100472983333333,770192.3408188784,1456680.1392972758
-0.35864195,-0.5486134,-0.55492985,-0.7856839649666667,-0.85080767,-0.8382203,-0.8656293,-0.8661976166666666,-0.796645,-0.8675658,-0.84146049,-0.8704037833333333,-0.8644295,-0.7918697,,0.99,,,-0.8674561,,-0.8324867,-0.8654195,,-0.8316501283333333,-0.83773965,-0.4557331583333333,770442.4870920145,1456680.1392972758
2.8983076,2.2312143,2.2674267,4.442457936999999,0.6770204,0.7706725,0.59602696,0.6313049683333333,0.8941274,0.63716495,0.7342953083333333,0.6377739733333333,0.640154,0.884231,0.3649217476208329,0.7617717100628931,0.1440200991944473,1.970577437152498,0.6400862,0.0729843495241665,0.73971355,0.66263247,0.0243281165080555,0.8039387833333332,0.772786,2.57683175,770692.6333651508,1456680.1392972758
1.0690619,0.9656896,1.0553718,1.8054931639333327,1.0264704,1.0757042,0.95751184,0.9617171733333334,1.2133642,0.9663248,1.0533458,0.8938122666666667,0.9569084,1.1971031,0.1493434633378775,0.6370878591194968,0.0516467277474827,0.8064547020245387,0.9058787,0.0298686926675755,1.0400214,0.9165904,0.0099562308891918,1.0076889366666666,0.98549694,1.0472698166666663,770942.779638287,1456680.1392972758
0.9575225,0.95487314,1.0034266,1.6763870966933334,1.0508506,1.0697232,0.9732286,0.9696158766666666,1.2133642,0.9663248,1.0614262333333335,0.8948189183333334,0.97274613,1.1971031,0.1387381043159097,0.6341072163522012,0.0474616112272684,0.7491857633059127,0.91418475,0.0277476208631819,1.0576866,0.90798163,0.0092492069543939,1.0384260666666665,1.0260133,0.9723823066666668,771192.9259114233,1456680.1392972758
0.8905989,0.93324023,1.141947,1.6920861538866665,1.0508506,1.0278561,0.9732286,0.9696158766666666,1.2015406,0.9663248,1.0404926833333334,0.9019674,0.97274613,1.1859291,0.1400280446990584,0.6341072163522012,0.0479681903396102,0.7561514413749156,0.9058787,0.0280056089398116,1.0576866,0.9036773,0.0093352029799372,1.0646668666666668,1.0665296,0.9814884883333332,771443.0721845595,1456680.1392972758
0.7790595,0.8358922,1.1592622,1.5779183253999998,0.9614564,0.8544067,0.9889453,0.9800724766666666,0.7404209,0.9819991,0.909248945,1.0600907000000002,0.97274613,0.73896897,0.1306449588809112,0.6301613295597484,0.0442994574605916,0.7054827779569207,1.0304691,0.0261289917761822,0.96936077,1.0241997,0.008709663925394,0.9361354466666668,0.96523875,0.9152658499999998,768941.6094531971,1456420.682368812
0.75675166,0.73854417,0.86490595,1.3615609083666669,1.010217,0.9501029,1.004662,0.995808265,0.9532454,0.99767333,0.98365525,1.0227876166666665,0.9885838,0.962449,0.1128478209476023,0.6242232962264151,0.0374497020159841,0.6093782331170529,1.005551,0.0225695641895204,1.0311888,1.0069822,0.0075231880631734,0.9033065166666668,0.9145933,0.7897685083333333,769191.7557263334,1456420.682368812
-0.7824915,-0.8406576,-0.7800257,-1.3643113923333332,-0.7776669,-0.7903722,-0.78704566,-0.78751841,-0.7493506,-0.7891944,-0.7843236,-0.7972446350000001,-0.7852408,-0.74717367,,0.99,,,-0.7968549,,-0.7794912,-0.8008539,,-0.7979030800000001,-0.79722327,-0.7913639166666666,769441.9019994696,1456420.682368812
-1.0948018,-1.1435182,-1.1263272,-1.9195527453333328,-1.1433705,-1.149233,-1.1485305,-1.14944265,-1.1158817,-1.1497028,-1.1474833,-1.1584596,-1.1495085,-1.1159158,,0.99,,,-1.1581666,,-1.1504598,-1.1581168,,-1.1424428333333334,-1.1416124,-1.1134296666666663,769692.0482726059,1456420.682368812
-1.0948018,-1.1543347,-1.1436422,-1.9326110396666665,-1.159624,-1.161195,-1.1642473,-1.1651784166666668,-1.1277053,-1.165377,-1.1603542166666665,-1.1698242833333334,-1.1653461,-1.1270899,,0.99,,,-1.1706257,,-1.1592923,-1.1710299,,-1.1520036500000002,-1.1517415,-1.1210040833333332,769942.1945457421,1456420.682368812
-0.8494151,-0.970455,-0.9704915,-1.5687490015333332,-1.062103,-1.0595179,-1.0699469,-1.0707634500000005,-1.021293,-1.0713314,-1.0593435,-1.074992883333333,-1.0703198,-1.0265237,,0.99,,,-1.0751065,,-1.0533013,-1.0763336,,-1.04740275,-1.0504506,-0.9099472166666666,770192.3408188784,1456420.682368812
3.0321548,1.982436,1.9557554,4.307244818133333,0.50635874,0.555356,0.36027595,0.3821510616666667,0.61036146,0.3863765,0.53736368,0.4086557199999999,0.38675046,0.6160549,0.3539045837064252,0.8557920522012579,0.1390379752904983,1.9110847520146967,0.41167068,0.070780916741285,0.5453966,0.42589203,0.0235936389137616,0.5534838133333333,0.52968776,2.4984018666666667,770442.4870920145,1456420.682368812
3.166002,2.6963217,2.9080842,5.1750158794,0.9614564,1.0876663,0.8946449,0.8934945866666666,1.189717,0.9036277,1.0317671333333334,0.8724927133333333,0.87771976,1.1747551,0.424557449775961,0.6628322314465409,0.1713663514935934,2.2926102287901897,0.8975727,0.0849114899551922,1.0046911,0.9165904,0.028303829985064,0.9990462083333334,0.96523875,3.00174935,770692.6333651508,1456420.682368812
0.9575225,1.0738541,1.1592622,1.800127817333333,1.0427239,1.0816853,0.9732286,0.9696158766666666,1.1778934,0.9663248,1.0646983833333334,0.8976885083333334,0.97274613,1.1971031,0.1489028570502371,0.6341072163522012,0.0514719529984189,0.8040754280712804,0.91418475,0.0297805714100474,1.0576866,0.9165904,0.0099268571366824,1.0282969666666666,1.0057551,1.0441576666666663,770942.779638287,1456420.682368812
0.8236753,0.97650605,1.0726868,1.6070281947,1.0589774,1.0637422,0.9732286,0.9696158766666666,1.1542463,0.9663248,1.0611446666666666,0.8998027183333333,0.97274613,1.1747551,0.1330379151376731,0.6341072163522012,0.0452314907488454,0.7184047417434352,0.91418475,0.0266075830275346,1.0576866,0.90798163,0.0088691943425115,1.0399124333333334,1.0260133,0.932150925,771192.9259114233,1456420.682368812
0.66752017,0.93324023,1.124632,1.4898419352933334,1.1158646,1.0757042,0.9732286,0.9774530266666666,1.1778934,0.9819991,1.093448566666667,0.9200779,0.97274613,1.1971031,0.1234024967445594,0.6311498012578617,0.0414941450362701,0.6663734824206211,0.9266438,0.0246804993489118,1.1018496,0.92519915,0.0082268331163039,0.95553255,0.96523875,0.8641774566666667,771443.0721845595,1456420.682368812
0.6229044,0.7818099,1.0380566,1.358120163533333,0.9289495,0.8484257,0.9889453,0.9800724766666666,0.56306714,0.9819991,0.87922974,1.1321045166666666,0.97274613,0.57135886,0.1125646181912763,0.6301613295597484,0.0373419287248245,0.6078489382328921,1.1218352,0.0225129236382552,0.87220234,1.097374,0.0075043078794184,0.8294427516666667,0.8538187,0.7877727166666666,768941.6094531971,1456161.225440348
0.66752017,0.7926264,0.84759086,1.2902325863533333,0.9614564,0.8902928,0.9889453,0.993188815,0.7995388,0.99767333,0.9227757,1.055434083333333,0.9885838,0.772491,0.1069757091113402,0.6252117679245283,0.035223377591065,0.5776688292012373,1.038775,0.021395141822268,0.942863,1.028504,0.007131713940756,0.9179318933333336,0.93485147,0.7483947716666667,769191.7557263334,1456161.225440348
-1.0055703,-1.067803,-1.0570669,-1.7810781058,-1.062103,-1.0714798,-1.0699469,-1.0629263,-1.0449402,-1.0556571,-1.06679655,-1.0703740833333333,-1.0703198,-1.0376978,,0.99,,,-1.0709535,,-1.0621339,-1.0720294,,-1.0569636333333332,-1.0605797,-1.03310795,769441.9019994696,1456161.225440348
-1.0948018,-1.1543347,-1.1436422,-1.9326110396666665,-1.159624,-1.161195,-1.1642473,-1.1651784166666668,-1.1277053,-1.165377,-1.1603542166666665,-1.1698242833333334,-1.1653461,-1.1270899,,0.99,,,-1.1706257,,-1.1592923,-1.1710299,,-1.1520036500000002,-1.1517415,-1.1210040833333332,769692.0482726059,1456161.225440348
-1.0948018,-1.1543347,-1.1436422,-1.9326110396666665,-1.159624,-1.161195,-1.1642473,-1.1651784166666668,-1.1277053,-1.165377,-1.1603542166666665,-1.1698242833333334,-1.1653461,-1.1270899,,0.99,,,-1.1706257,,-1.1592923,-1.1710299,,-1.1520036500000002,-1.1517415,-1.1210040833333332,769942.1945457421,1456161.225440348
-1.050186,-1.1218853,-1.1090121,-1.8649276616666663,-1.1352438,-1.137271,-1.1485305,-1.14944265,-1.1040581,-1.1497028,-1.1358491999999998,-1.14852965,-1.1495085,-1.0935678,,0.99,,,-1.1457076,,-1.1327946,-1.149508,,-1.1233210833333336,-1.1213542,-1.0817445833333332,770192.3408188784,1456161.225440348
-0.20248684,-0.3539173,-0.38177913,-0.4956316336533334,-0.56637156,-0.5391696,-0.5827281,-0.5882318166666667,-0.51287895,-0.5854288,-0.5500159816666667,-0.6082613833333333,-0.5951882,-0.5013456,,0.99,,,-0.6058165,,-0.54984397,-0.5985485,,-0.5555226066666666,-0.56425416,-0.2874893466666667,770442.4870920145,1456161.225440348
0.93521464,1.0738541,0.9861114,1.6813944489466666,0.9289495,1.0757042,0.8789282,0.8883172333333333,1.0951284,0.8879534,1.00611786,0.7850616249999999,0.8935575,1.1077111,0.1391495528352364,0.6647859496855346,0.0476231177650899,0.7514075853102771,0.8269716,0.0278299105670472,0.95169556,0.8391117,0.0092766368556824,0.8974180700000001,0.8639478,0.9752868033333332,770692.6333651508,1456161.225440348
0.75675166,0.95487314,0.9514813,1.4734714002133331,1.0671041,1.1714004,0.9732286,0.9696158766666666,1.1660699,0.9663248,1.1220989666666668,0.8720773400000001,0.97274613,1.1859291,0.1220559842405924,0.6341072163522012,0.0409752250627168,0.6591023148991995,0.91003174,0.0244111968481184,1.0841844,0.9165904,0.0081370656160394,0.9909717633333334,0.95510966,0.8546817866666667,770942.779638287,1456161.225440348
0.75675166,0.93324023,0.9341662,1.457305133273333,1.0833576,1.1414953,0.95751184,0.9617171733333334,1.1424227,0.9663248,1.11550845,0.8738643333333334,0.9569084,1.1859291,0.1207261553678649,0.6370878591194968,0.0404635658809005,0.6519212389864706,0.9017257,0.0241452310735729,1.1018496,0.9036773,0.0080484103578576,1.01066167,0.98549694,0.8453046016666667,771192.9259114233,1456161.225440348
0.7121359,0.93324023,1.0553718,1.488499166286667,1.099611,1.0816853,0.9732286,0.9774530266666666,1.1424227,0.9819991,1.0939654333333333,0.9200906166666668,0.97274613,1.1747551,0.1232920555360149,0.6311498012578617,0.0414515514265671,0.6657770998944808,0.9307968,0.0246584111072029,1.1195147,0.93811226,0.0082194703690676,0.957056125,0.96523875,0.8633985883333334,771443.0721845595,1456161.225440348
0.5336729,0.69527835,0.74370044,1.0871825385533334,0.8964425,0.8364637,1.004662,0.995808265,0.55124354,0.99767333,0.8550525833333334,1.16019535,0.9885838,0.57135886,0.0902451452600802,0.6242232962264151,0.0289820199327982,0.4873237844044334,1.1467532,0.018049029052016,0.8280394,1.131809,0.0060163430173386,0.8007230766666666,0.82343143,0.6306163216666667,768941.6094531971,1455901.768511884
0.42213356,0.5113987,0.5359196,0.8187961519866668,0.66889364,0.60918516,0.75319433,0.7440349383333335,0.44483128,0.7468849,0.6317054433333333,0.8572258166666666,0.7351803,0.45961884,0.0680933710966213,0.7192320987421383,0.0209839560225244,0.3677042039217552,0.8435836,0.0136186742193242,0.6248899,0.8305029,0.004539558073108,0.6065337633333333,0.6208496,0.4749397633333334,769191.7557263334,1455901.768511884
-1.0055703,-1.067803,-1.0570669,-1.7810781058,-1.062103,-1.0654988,-1.0542301,-1.0603068333333332,-1.0449402,-1.0556571,-1.06380605,-1.06257115,-1.0703198,-1.0488718,,0.99,,,-1.0626475,,-1.0621339,-1.067725,,-1.059973533333333,-1.0605797,-1.03310795,769441.9019994696,1455901.768511884
-1.0948018,-1.1543347,-1.1436422,-1.9326110396666665,-1.159624,-1.161195,-1.1642473,-1.1651784166666668,-1.1277053,-1.165377,-1.1603542166666665,-1.1698242833333334,-1.1653461,-1.1270899,,0.99,,,-1.1706257,,-1.1592923,-1.1710299,,-1.1520036500000002,-1.1517415,-1.1210040833333332,769692.0482726059,1455901.768511884
-1.0948018,-1.1543347,-1.1436422,-1.9326110396666665,-1.159624,-1.161195,-1.1642473,-1.1651784166666668,-1.1277053,-1.165377,-1.1603542166666665,-1.1698242833333334,-1.1653461,-1.1270899,,0.99,,,-1.1706257,,-1.1592923,-1.1710299,,-1.1520036500000002,-1.1517415,-1.1210040833333332,769942.1945457421,1455901.768511884
-1.050186,-1.0894359,-1.091697,-1.8456534566,-1.1027367,-1.0954039,-1.1013803,-1.1022351166666666,-1.0567638,-1.10268,-1.09819155,-1.1119437499999998,-1.1019952,-1.0600458,,0.99,,,-1.1083306,,-1.0974642,-1.1107687,,-1.0850778166666666,-1.0808378,-1.07056465,770192.3408188784,1455901.768511884
0.17674698,0.33833548,0.15498805,0.33863742408,0.3925843,0.45367876,0.39170945,0.3873899783333333,0.46847847,0.3863765,0.4309350833333333,0.29821851,0.38675046,0.49314085,0.0283123777826411,0.8538151025157232,0.0076762347823925,0.152886840026262,0.29953945,0.0056624755565282,0.43940562,0.3225871,0.001887491852176,0.4076297366666666,0.3878805,0.19642542,770442.4870920145,1455901.768511884
0.6452123,0.84670866,0.74370044,1.2268404770933334,0.96958315,1.1474764,0.95751184,0.9669964166666668,1.1542463,0.9663248,1.062909,0.8418850083333334,0.97274613,1.1859291,0.1017548041806493,0.6350956918238994,0.0332590454623374,0.5494759425755067,0.8892667,0.0203509608361298,0.9958585,0.9036773,0.0067836536120432,0.9718501016666666,0.93485147,0.7116244066666667,770692.6333651508,1455901.768511884
0.8013674,0.86834157,0.8995361,1.4572155887133331,1.0345972,1.1953245,0.9732286,0.9696158766666666,1.1660699,0.9663248,1.1143927833333334,0.8674207566666666,0.97274613,1.1971031,0.1207187891497551,0.6341072163522012,0.0404607340016319,0.6518814614086781,0.91833776,0.024143757829951,1.0311888,0.92089474,0.0080479192766503,1.0110115083333333,0.96523875,0.8452526616666666,770942.779638287,1455901.768511884
0.8236753,0.9116073,0.86490595,1.468975892066667,1.0671041,1.1115903,0.95751184,0.9617171733333334,1.0951284,0.9663248,1.0892497,0.8550112233333332,0.9569084,1.152407,0.1216861978385159,0.6370878591194968,0.0408328644098937,0.6571054683279861,0.8851137,0.0243372395677031,1.0665191,0.87785107,0.0081124131892343,1.0826520000000002,1.0665296,0.8520741833333333,771192.9259114233,1455901.768511884
0.7344438,0.9116073,0.8995361,1.4119591319333331,1.1402448,1.0697232,0.95751184,0.9617171733333334,1.0833048,0.9663248,1.1059452666666667,0.8714351,0.9569084,1.1300591,0.1169953816865604,0.6370878591194968,0.03903260542293,0.6317750611074266,0.8726547,0.023399076337312,1.1460124,0.87354666,0.0077996921124373,1.0475998,1.0564005,0.8190018166666666,771443.0721845595,1455901.768511884
0.35520995,0.40323418,0.4147141,0.6603759674199999,0.5794994,0.549375,0.6903274,0.6994872166666667,0.24383037,0.69986206,0.5558092166666666,0.8426770833333334,0.70350486,0.21379073,0.05499345927314,0.7360425597484277,0.0164256431790661,0.2969646800749564,0.8269716,0.010998691854628,0.5277315,0.8175898,0.0036662306182093,0.5049056116666667,0.51955867,0.383048705,768941.6094531971,1455642.3115834205
-0.69326,-0.73249304,-0.7107655,-1.2165130274933331,-0.6963995,-0.706638,-0.6770285,-0.6773676,-0.737527,-0.6794745,-0.7035905833333334,-0.6423681266666667,-0.6743768,-0.73599964,,0.99,,,-0.64734656,,-0.7088305,-0.6502009,,-0.7073593166666666,-0.7060614,-0.7056340066666666,769191.7557263334,1455642.3115834205
-1.0724939,-1.1327018,-1.1090121,-1.8872650124666663,-1.1352438,-1.137271,-1.1328138,-1.133706833333333,-1.1040581,-1.1340286,-1.1373213,-1.1414189333333336,-1.1336707,-1.1047418,,0.99,,,-1.1415546,,-1.1416272,-1.1452036,,-1.132881933333333,-1.1314833,-1.0947012833333332,769441.9019994696,1455642.3115834205
-1.0948018,-1.1543347,-1.1436422,-1.9326110396666665,-1.159624,-1.161195,-1.1642473,-1.1651784166666668,-1.1277053,-1.165377,-1.1603542166666665,-1.1698242833333334,-1.1653461,-1.1270899,,0.99,,,-1.1706257,,-1.1592923,-1.1710299,,-1.1520036500000002,-1.1517415,-1.1210040833333332,769692.0482726059,1455642.3115834205
-1.0948018,-1.1543347,-1.1436422,-1.9326110396666665,-1.159624,-1.161195,-1.1642473,-1.1651784166666668,-1.1277053,-1.165377,-1.1603542166666665,-1.1698242833333334,-1.1653461,-1.1270899,,0.99,,,-1.1706257,,-1.1592923,-1.1710299,,-1.1520036500000002,-1.1517415,-1.1210040833333332,769942.1945457421,1455642.3115834205
-1.0948018,-1.1435182,-1.1263272,-1.9195527453333328,-1.1514972,-1.149233,-1.1485305,-1.14944265,-1.1158817,-1.1497028,-1.1501922,-1.16058655,-1.1495085,-1.1159158,,0.99,,,-1.1623197,,-1.1504598,-1.1624211,,-1.1424428333333334,-1.1416124,-1.1134296666666663,770192.3408188784,1455642.3115834205
-0.7824915,-0.8082082,-0.83197093,-1.38483879024,-0.79392046,-0.77841014,-0.8027624,-0.80325427,-0.7493506,-0.8048687,-0.7852325166666667,-0.823887935,-0.80107856,-0.74717367,,0.99,,,-0.8176199,,-0.78832376,-0.8180714,,-0.7889105266666668,-0.79722327,-0.80327076,770442.4870920145,1455642.3115834205
0.5336729,0.73854417,0.6571251,1.04986228878,0.8639355,1.0577612,0.8946449,0.8909366833333333,1.0123633,0.8879534,0.9666424433333332,0.7935694583333335,0.8935575,1.040667,0.0871675894367755,0.6637974779874214,0.0278515820881633,0.4707049829585878,0.8435836,0.0174335178873551,0.89870006,0.8563292,0.0058111726291183,0.860698315,0.82343143,0.608968845,770692.6333651508,1455642.3115834205
0.75675166,0.8575251,0.84759086,1.3857976905333336,1.0427239,1.1414953,0.9732286,0.98273225,1.106952,0.9819991,1.0931312833333335,0.8624619333333333,0.9885838,1.1412331,0.1148425554052496,0.629157641509434,0.038209930631669,0.6201497991883481,0.9017257,0.0229685110810499,1.048854,0.8993729,0.0076561703603499,1.0564112,1.0260133,0.8038269666666668,770942.779638287,1455642.3115834205
0.7121359,0.86834157,0.79564565,1.3205956571133337,1.0508506,1.0757042,0.9732286,0.9748951,1.047834,0.9663248,1.0614725333333337,0.8514494666666667,0.9885838,1.0965371,0.1094756578344799,0.6321150566037735,0.0361690427701339,0.5911685523061916,0.8809607,0.0218951315668959,1.0400214,0.8692423,0.0072983771889653,1.1340343666666668,1.1273042,0.7660067616666667,771192.9259114233,1455642.3115834205
0.7790595,0.93324023,0.9861114,1.5063856662866668,1.1564983,1.0697232,0.9732286,0.9696158766666666,0.9887161,0.9663248,1.1084189166666667,0.8674579666666666,0.97274613,1.040667,0.1247631341237805,0.6341072163522012,0.0420193608414631,0.6737209242684149,0.8809607,0.0249526268247561,1.1283473,0.8649379,0.0083175422749187,1.051178,1.0665296,0.8737735883333334,771443.0721845595,1455642.3115834205
-0.7824915,-0.8082082,-0.7973408,-1.3649380088666665,-0.7776669,-0.7903722,-0.7556122,-0.7560467433333334,-0.8439393,-0.7578458,-0.7857956933333334,-0.7304536516666666,-0.75356543,-0.8477397,,0.99,,,-0.7345598,,-0.78832376,-0.7362883,,-0.7913521866666666,-0.7870942,-0.7917273833333333,768941.6094531971,1455382.8546549564
-1.0724939,-1.1327018,-1.1090121,-1.8872650124666663,-1.1271169,-1.13129,-1.1328138,-1.133706833333333,-1.1040581,-1.1340286,-1.1301497333333332,-1.1307464333333332,-1.1336707,-1.1047418,,0.99,,,-1.1332486,,-1.1327946,-1.1322905,,-1.1233210833333336,-1.1213542,-1.0947012833333332,769191.7557263334,1455382.8546549564
-1.0948018,-1.1543347,-1.1436422,-1.9326110396666665,-1.159624,-1.161195,-1.1642473,-1.1651784166666668,-1.1277053,-1.165377,-1.1603542166666665,-1.1698242833333334,-1.1653461,-1.1270899,,0.99,,,-1.1706257,,-1.1592923,-1.1710299,,-1.1520036500000002,-1.1517415,-1.1210040833333332,769441.9019994696,1455382.8546549564
-1.0948018,-1.1543347,-1.1436422,-1.9326110396666665,-1.159624,-1.161195,-1.1642473,-1.1651784166666668,-1.1277053,-1.165377,-1.1603542166666665,-1.1698242833333334,-1.1653461,-1.1270899,,0.99,,,-1.1706257,,-1.1592923,-1.1710299,,-1.1520036500000002,-1.1517415,-1.1210040833333332,769692.0482726059,1455382.8546549564
-1.0948018,-1.1543347,-1.1436422,-1.9326110396666665,-1.159624,-1.161195,-1.1642473,-1.1651784166666668,-1.1277053,-1.165377,-1.1603542166666665,-1.1698242833333334,-1.1653461,-1.1270899,,0.99,,,-1.1706257,,-1.1592923,-1.1710299,,-1.1520036500000002,-1.1517415,-1.1210040833333332,769942.1945457421,1455382.8546549564
-1.0948018,-1.1543347,-1.1436422,-1.9326110396666665,-1.159624,-1.1552141,-1.1642473,-1.1651784166666668,-1.1277053,-1.165377,-1.1573637666666667,-1.1652054166666668,-1.1653461,-1.1270899,,0.99,,,-1.1664727,,-1.1592923,-1.1667255,,-1.1520036500000002,-1.1517415,-1.1210040833333332,770192.3408188784,1455382.8546549564
-0.7824915,-0.75412595,-0.7973408,-1.3493983757,-0.7857937,-0.7485051,-0.73989546,-0.7455901866666667,-0.7729978,-0.7421716,-0.7660989833333335,-0.7436053033333333,-0.75356543,-0.7583477,,0.99,,,-0.7387128,,-0.7794912,-0.7362883,,-0.7425927383333334,-0.7465778,-0.782713675,770442.4870920145,1455382.8546549564
0.4667493,0.7493606,0.6051799,0.9654308915333332,0.815175,0.980008,0.8789282,0.8830379866666666,0.8704803,0.8879534,0.90267976,0.83836099,0.87771976,0.895405,0.0802019606113805,0.6667781182389938,0.025314979257463,0.4330905873014549,0.8726547,0.0160403921222761,0.84570456,0.88645977,0.005346797374092,0.8774155083333334,0.8538187,0.5599947166666667,770692.6333651508,1455382.8546549564
0.51136506,0.8358922,0.7090703,1.0884554395866666,1.010217,1.0936472,0.9889453,0.9853517,0.97689253,0.9819991,1.0554274,0.9033394833333336,0.9885838,1.018319,0.0903500986046037,0.6281691698113208,0.0290206726359752,0.4878905324648601,0.9349498,0.0180700197209207,1.0311888,0.93811226,0.0060233399069735,1.0268106166666666,1.0057551,0.6313546633333333,770942.779638287,1455382.8546549564
0.5336729,0.8358922,0.69175524,1.0977344098533337,1.0508506,1.0457991,1.004662,1.006366765,0.9177746,0.99767333,1.0479920833333334,0.8720895666666666,1.0202593,0.962449,0.0911151406336227,0.6202389566037736,0.0293026257758485,0.4920217594215628,0.8892667,0.0182230281267245,1.048854,0.8821554,0.0060743427089081,1.1139945833333331,1.1171751,0.6367368966666668,771192.9259114233,1455382.8546549564
0.66752017,0.86834157,0.8302758,1.30203769072,1.1727518,1.0816853,0.9889453,0.993188815,0.905951,0.99767333,1.122761983333333,0.90260911,0.9885838,0.95127505,0.1079477389689249,0.6252117679245283,0.0355906868738337,0.5829177904321946,0.91833776,0.0215895477937849,1.1460124,0.8993729,0.0071965159312616,0.96212067,0.97536784,0.7552422799999999,771443.0721845595,1455382.8546549564
-0.26941046,-0.537797,-0.48566955,-0.6658569225866666,-0.8264274,-0.8262583,-0.8184791,-0.80587372,-0.86758643,-0.8048687,-0.8273527333333334,-0.7304536516666666,-0.80107856,-0.8812617,,0.99,,,-0.7345598,,-0.8324867,-0.7362883,,-0.8758760833333333,-0.878256,-0.3862279133333333,768941.6094531971,1455123.3977264925
-1.0055703,-1.0894359,-1.074382,-1.7972443698666667,-1.1271169,-1.125309,-1.1328138,-1.133706833333333,-1.1040581,-1.1340286,-1.1256871333333331,-1.1215087,-1.1336707,-1.1047418,,0.99,,,-1.1249427,,-1.123962,-1.1236818,,-1.1233210833333336,-1.1213542,-1.0424851333333334,769191.7557263334,1455123.3977264925
-1.0948018,-1.1543347,-1.1436422,-1.9326110396666665,-1.159624,-1.161195,-1.1642473,-1.1651784166666668,-1.1277053,-1.165377,-1.1603542166666665,-1.1698242833333334,-1.1653461,-1.1270899,,0.99,,,-1.1706257,,-1.1592923,-1.1710299,,-1.1520036500000002,-1.1517415,-1.1210040833333332,769441.9019994696,1455123.3977264925
-1.0948018,-1.1543347,-1.1436422,-1.9326110396666665,-1.159624,-1.161195,-1.1642473,-1.1651784166666668,-1.1277053,-1.165377,-1.1603542166666665,-1.1698242833333334,-1.1653461,-1.1270899,,0.99,,,-1.1706257,,-1.1592923,-1.1710299,,-1.1520036500000002,-1.1517415,-1.1210040833333332,769692.0482726059,1455123.3977264925
-1.0948018,-1.1543347,-1.1436422,-1.9326110396666665,-1.159624,-1.161195,-1.1642473,-1.1651784166666668,-1.1277053,-1.165377,-1.1603542166666665,-1.1698242833333334,-1.1653461,-1.1270899,,0.99,,,-1.1706257,,-1.1592923,-1.1710299,,-1.1520036500000002,-1.1517415,-1.1210040833333332,769942.1945457421,1455123.3977264925
-1.0724939,-1.1435182,-1.1263272,-1.900323335533333,-1.1514972,-1.149233,-1.1485305,-1.14944265,-1.1158817,-1.1497028,-1.1501922,-1.153840683333333,-1.1495085,-1.1159158,,0.99,,,-1.1540136,,-1.1504598,-1.1538124,,-1.1424428333333334,-1.1416124,-1.1022757166666666,770192.3408188784,1455123.3977264925
0.2436706,0.5113987,0.29350862,0.5256555706266666,0.4088378,0.52545094,0.5803102,0.5762199866666666,0.27930114,0.57446784,0.4707669116666667,0.6324124533333333,0.5768031,0.31435677,0.0438357086144016,0.7825584955974842,0.0126665659039887,0.2367128265177691,0.6400862,0.0087671417228803,0.43057305,0.6540237,0.0029223805742934,0.5591166416666666,0.54994595,0.3049046233333333,770442.4870920145,1455123.3977264925
0.51136506,0.86834157,0.6051799,1.0380768753666667,0.91269594,0.974027,0.9889453,0.9853517,0.68130296,0.9819991,0.9469172133333332,0.9478037833333334,0.9885838,0.7166209,0.0861955513618326,0.6281691698113208,0.0274957492544487,0.4654559773538965,0.9557148,0.0172391102723665,0.9340304,0.9639385,0.0057463700907888,0.9992646483333334,0.99562603,0.6021327583333334,770692.6333651508,1455123.3977264925
0.4667493,0.84670866,0.6571251,1.02325340904,1.0020901,1.0457991,0.9889453,0.9984680816666668,0.7404209,0.99767333,1.0258502,0.9200401466666668,1.0044216,0.79483896,0.0849728209588559,0.6232195918238994,0.0270489869409601,0.4588532331778224,0.9391028,0.0169945641917711,1.0135237,0.93380785,0.0056648547305903,1.0465005,1.0361423,0.5935344600000001,770942.779638287,1455123.3977264925
0.5336729,0.80344284,0.72638535,1.10831139696,1.0345972,1.015894,1.004662,1.0010875316666663,0.76406807,0.99767333,1.0246775333333331,0.9310648833333334,1.0044216,0.79483896,0.0919871422615472,0.6222311201257862,0.0296244249230184,0.4967305682123552,0.9391028,0.0183974284523094,1.0311888,0.9295035,0.0061324761507698,1.0300017166666668,1.0361423,0.6428720400000001,771192.9259114233,1455123.3977264925
0.5336729,0.7926264,0.7090703,1.0952530911333334,1.1321181,1.0099131,1.004662,1.0010875316666663,0.7285973,0.99767333,1.0689150333333333,0.9868938333333332,1.0044216,0.76131696,0.0909105632157629,0.6222311201257862,0.0292271952282475,0.4909170413651196,0.9723269,0.0181821126431525,1.1195147,0.9682428,0.0060607042143841,0.8655942416666667,0.884206,0.6352976166666667,771443.0721845595,1455123.3977264925
2.1621478,1.3983476,1.5055635,3.130760438666667,0.40071103,0.40583065,0.50172657,0.5159364316666667,0.031005874,0.5117707,0.3935268683333334,0.88780856,0.52928996,-0.020863365,0.2578963285901053,0.805307006918239,0.0966774760659644,1.3926401743865688,0.86850166,0.051579265718021,0.3422472,0.8649379,0.0171930885726736,0.1039562346666666,0.10426592,1.8159863333333333,768941.6094531971,1454863.9407980286
0.06520762,-0.27820218,-0.24325857,-0.16352038284,-0.6557658,-0.6587899,-0.645595,-0.63277952,-0.7611742,-0.6324516,-0.6617056750000001,-0.5130777816666666,-0.62686366,-0.7806957,,0.99,,,-0.5186033,,-0.68233275,-0.52106977,,-0.7596597499999999,-0.7567069,-0.09484941,769191.7557263334,1454863.9407980286
-1.0055703,-1.0786195,-1.074382,-1.7941364576000003,-1.1189902,-1.119328,-1.117097,-1.1179709333333334,-1.1040581,-1.1183542,-1.1199877333333332,-1.1161976500000002,-1.117833,-1.1047418,,0.99,,,-1.1166366,,-1.123962,-1.1193774,,-1.1188248333333335,-1.1213542,-1.0406824,769441.9019994696,1454863.9407980286
-1.0948018,-1.1543347,-1.1436422,-1.9326110396666665,-1.159624,-1.161195,-1.1642473,-1.1651784166666668,-1.1277053,-1.165377,-1.1603542166666665,-1.1698242833333334,-1.1653461,-1.1270899,,0.99,,,-1.1706257,,-1.1592923,-1.1710299,,-1.1520036500000002,-1.1517415,-1.1210040833333332,769692.0482726059,1454863.9407980286
-1.0948018,-1.1543347,-1.1436422,-1.9326110396666665,-1.159624,-1.161195,-1.1642473,-1.1651784166666668,-1.1277053,-1.165377,-1.1603542166666665,-1.1698242833333334,-1.1653461,-1.1270899,,0.99,,,-1.1706257,,-1.1592923,-1.1710299,,-1.1520036500000002,-1.1517415,-1.1210040833333332,769942.1945457421,1454863.9407980286
-0.1578711,-0.49453115,-0.48566955,-0.5572782733666667,-0.7695402,-0.78439116,-0.78704566,-0.77968126,-0.8439393,-0.7735201,-0.7771520716666667,-0.7172892383333332,-0.7852408,-0.8589137,,0.99,,,-0.72625375,,-0.77065855,-0.7233752,,-0.8134465633333332,-0.80735236,-0.3232472583333333,770192.3408188784,1454863.9407980286
0.5336729,0.7818099,0.5532347,1.0025916253333331,0.75016105,0.7706725,0.8946449,0.9040530666666666,0.40936053,0.9036277,0.7616197166666666,0.9777193233333332,0.9093952,0.4037488,0.0832682850530801,0.6588478993710691,0.0264277663127991,0.4496487392866327,0.95986784,0.016653657010616,0.7573787,0.9768516,0.0055512190035386,0.8464725933333334,0.8639478,0.5815496666666667,770442.4870920145,1454863.9407980286
0.48905718,0.84670866,0.5878648,1.0026812158666665,0.9208227,0.8902928,1.004662,1.0089246666666665,0.52759635,1.0133476,0.904814845,1.0402059166666668,1.0044216,0.53783685,0.0832756765784914,0.619273710691824,0.0264304561433899,0.449688653523854,1.022163,0.0166551353156982,0.91636527,1.028504,0.0055517117718994,0.9701951366666666,0.98549694,0.5816016333333333,770692.6333651508,1454863.9407980286
0.4667493,0.84670866,0.62249494,1.0033526104266666,0.9289495,0.9142169,1.004662,1.0089246666666665,0.53941995,1.0133476,0.9209579233333334,1.0262989166666667,1.0044216,0.57135886,0.0833310687664858,0.619273710691824,0.0264506148900946,0.4499877713390234,1.01801,0.0166662137532971,0.92519784,1.0112866,0.0055554045844323,0.9777013283333332,0.98549694,0.5819910733333333,770942.779638287,1454863.9407980286
0.51136506,0.82507575,0.74370044,1.1052483000733335,1.0020901,0.9441219,1.004662,0.995808265,0.59853786,0.99767333,0.9691232066666668,0.9967860216666666,0.9885838,0.6272289,0.0917346170873802,0.6242232962264151,0.0295311877507986,0.4953669322718532,0.99724495,0.018346923417476,0.97819334,0.98546034,0.0061156411391586,0.96870877,0.98549694,0.6410953016666667,771192.9259114233,1454863.9407980286
0.5336729,0.8358922,0.74370044,1.1275855847866667,1.0833576,0.95608395,1.004662,0.98797115,0.53941995,0.9819991,1.016914358333333,1.0348317166666667,0.9885838,0.57135886,0.093576005342562,0.6271806981132075,0.0302119277162528,0.5053104288498353,1.01801,0.0187152010685124,1.0665191,1.0069822,0.0062384003561708,0.8404899499999999,0.8639478,0.6540519633333334,771443.0721845595,1454863.9407980286
1.3367563,1.1820186,1.107317,2.128255444333333,0.7907948,0.8065586,0.9732286,0.9880115166666668,0.23200679,0.9819991,0.7842747666666666,1.4255217666666666,1.0044216,0.1579207,0.1758299492074921,0.627165465408805,0.0622872552833854,0.949481725720458,1.4125458,0.0351659898414984,0.7043832,1.39868,0.0117219966138328,0.3262597833333333,0.32710594,1.2344869166666668,768941.6094531971,1454604.4838695647
2.2736871,1.4091641,1.4536183,3.2001640813333334,0.33569708,0.34602052,0.39170945,0.4136227383333333,-0.06358279,0.41772506,0.3301737033333333,0.7826319133333333,0.4184259,-0.121429406,0.2635682064682498,0.8439159477987421,0.0991222902116677,1.423268314928549,0.7729825,0.0527136412936499,0.2715865,0.761633,0.0175712137645499,0.0008417371333333,0.0029750036,1.8562436666666664,769191.7557263334,1454604.4838695647
-0.73787576,-0.88392335,-0.8666011,-1.388036313153333,-1.0133425,-1.0116698,-1.00708,-1.00782015,-1.021293,-1.0086343,-1.01327755,-0.9744855766666668,-1.006969,-1.0265237,,0.99,,,-0.9754343,,-1.0179709,-0.98163754,,-1.03784195,-1.0403215,-0.8051254716666667,769441.9019994696,1454604.4838695647
-1.0948018,-1.1435182,-1.1436422,-1.9295030986666664,-1.1514972,-1.1552141,-1.1642473,-1.1651784166666668,-1.1277053,-1.165377,-1.1546548333333333,-1.1652054166666668,-1.1653461,-1.1270899,,0.99,,,-1.1664727,,-1.1592923,-1.1667255,,-1.1520036500000002,-1.1517415,-1.1192013333333333,769692.0482726059,1454604.4838695647
-1.0948018,-1.1543347,-1.1436422,-1.9326110396666665,-1.159624,-1.161195,-1.1642473,-1.1651784166666668,-1.1277053,-1.165377,-1.1603542166666665,-1.1698242833333334,-1.1653461,-1.1270899,,0.99,,,-1.1706257,,-1.1592923,-1.1710299,,-1.1520036500000002,-1.1517415,-1.1210040833333332,769942.1945457421,1454604.4838695647
2.4967659,1.3983476,1.384358,3.3495484802,0.32757035,0.2921914,0.2816923,0.3165882733333333,-0.02811204,0.3236794,0.3123270166666667,0.5550493866666667,0.32339957,-0.1102554,0.2757726261640211,0.8805327270440252,0.1044093755731923,1.4891721812857144,0.52795494,0.0551545252328042,0.3422472,0.5378057,0.018384841744268,0.1433360843333333,0.16504048,1.94289355,770192.3408188784,1454604.4838695647
0.66752017,0.7926264,0.62249494,1.1608774643266666,0.8639355,0.7886156,0.9732286,0.98273225,0.3738898,0.9819991,0.8232370600000001,1.0828704500000002,0.9885838,0.3367048,0.0963199214506656,0.629157641509434,0.0312299886622287,0.5201275758335948,1.047081,0.0192639842901331,0.84570456,1.0543302,0.006421328096711,0.8706587916666667,0.8943351,0.6733627983333333,770442.4870920145,1454604.4838695647
0.48905718,0.7818099,0.6051799,0.9939840496266664,0.9289495,0.82450163,0.9889453,0.9984680816666668,0.39753696,0.99767333,0.8716839916666667,1.0910383166666666,1.0044216,0.3814008,0.0825581071903814,0.6232195918238994,0.0261694920641237,0.4458137788280598,1.051234,0.0165116214380762,0.89870006,1.0543302,0.005503873812692,0.9250138583333334,0.95510966,0.5765568733333333,770692.6333651508,1454604.4838695647
0.3998257,0.7818099,0.6571251,0.9469176888,0.9289495,0.86038774,0.9889453,0.993188815,0.40936053,0.99767333,0.8910991416666666,1.0739599333333334,0.9885838,0.4149228,0.0786740098420178,0.6252117679245283,0.0247628010532143,0.4248396531468963,1.047081,0.0157348019684035,0.90753263,1.0500259,0.0052449339894678,0.9229592416666668,0.94498056,0.5492562,770942.779638287,1454604.4838695647
0.48905718,0.80344284,0.7090703,1.0599022642533331,0.9370762,0.87833077,1.004662,1.0089246666666665,0.42118412,1.0133476,0.9013074616666666,1.0664338166666667,1.0044216,0.47079283,0.0879956013907081,0.619273710691824,0.0281551540619458,0.4751762475098239,1.055387,0.0175991202781416,0.89870006,1.0457215,0.0058663734260472,0.9184629466666668,0.94498056,0.6147924966666667,771192.9259114233,1454604.4838695647
0.5559808,0.82507575,0.7090703,1.1238062808333331,0.9939634,0.87833077,1.004662,1.0010875316666663,0.38571337,0.99767333,0.929102445,1.0781506833333334,1.0044216,0.42609683,0.0932644759420569,0.6222311201257862,0.0300966187196201,0.5036281700871077,1.05954,0.0186528951884113,0.95169556,1.0414171,0.0062176317294704,0.8691724333333333,0.8943351,0.6518597916666666,771443.0721845595,1454604.4838695647
