aspect,B11,B12,B2,B3,B4,B8,bd_0-5,bd_15-30,bd_5-15,bsi,cec_0-5,cec_15-30,cec_5-15,clay_0-5,clay_15-30,clay_5-15,dem,evi,ndmi,ndvi,pet_apr,pet_aug,pet_dec,pet_feb,pet_jan,pet_jul,pet_jun,pet_mar,pet_may,pet_nov,pet_oct,pet_sep,ph_0-5,ph_15-30,ph_5-15,rain_apr,rain_aug,rain_dec,rain_feb,rain_jan,rain_jul,rain_jun,rain_mar,rain_may,rain_nov,rain_oct,rain_sep,sand_0-5,sand_15-30,sand_5-15,savi,silt_0-5,silt_15-30,silt_5-15,slope,soc_0-5,soc_15-30,soc_5-15,worldcover
-1.117017,0.9162347,0.9876337,1.3471519,1.2883307,1.1388766,0.964725,1.004662,0.99767333,1.0044216,0.051389746,1.2864952,1.3572519,1.390718,0.96936077,0.968046,0.97770995,1.7093872,0.8939772,0.52599573,0.710678,-0.9827391,1.9622583,-0.13680287,-2.8455732,2.8938377,1.9325757,1.6072845,2.4113657,1.5587724,-1.3449128,-1.6183012,1.0490211,1.0137547,1.0117627,1.0007352,-0.36627823,1.4640414,-1.3367776,0.0,0.0,0.27699572,-0.31620568,1.0137513,0.51799047,-1.9174211,2.6571128,-1.9103754,0.9515618,0.95434546,0.94672096,0.8736551,1.0502877,1.0564005,1.0601442,0.98443705,0.80344284,0.7344438,0.63981,0.9266665
-1.5850368,0.48024756,0.3692566,0.34813482,0.5737414,0.24210662,0.87184787,0.95751184,0.9506505,0.9410707,-1.1582196,1.1747551,1.2530036,1.2606585,0.95169556,0.8962738,0.96958315,0.7060339,1.190366,1.2851584,0.92037046,-0.9827391,1.9622583,-0.13680287,-2.8455732,2.8938377,1.9325757,1.6072845,2.4113657,1.5587724,-1.3449128,-1.6183012,1.0490211,0.9477406,0.9458033,0.93512076,-0.595005,1.4640414,-1.3367776,0.0,0.0,-0.21812733,-0.5517141,1.0137513,0.7055182,-1.5649897,1.8832552,-1.724663,0.8726547,0.8895561,0.86063355,1.1157563,1.0056968,1.0260133,1.0059656,0.11006122,0.6844619,0.6452123,0.5705497,-0.80553365
-1.1516851,0.58405715,0.59461963,0.43671185,0.37510514,0.37132025,0.40029198,-1.1013803,-1.10268,-1.1019952,0.73864585,-1.0488718,-1.0520402,-1.0449402,-1.0886316,-1.0954039,-1.09461,-0.29731932,0.534579,-0.09232155,0.668173,-0.9827391,1.9622583,-0.13680287,-2.8455732,2.8938377,1.2072178,1.6072845,1.9918731,1.5587724,-1.3449128,-1.6183012,1.0490211,-1.0986959,-1.0989399,-1.0989274,-0.82373166,1.1453892,-1.3367776,0.0,0.0,-0.21812733,-0.7872225,1.0137513,0.7055182,-1.5649897,1.8832552,-1.724663,-1.1041776,-1.103964,-1.1064643,0.5441989,-1.0811585,-1.0808378,-1.0799086,0.11006122,-1.1002524,-1.0278782,-1.091697,-0.80553365
-0.1636434,0.09389518,0.025737805,0.14775637,-0.0472476,-0.06745925,-0.10503187,-1.1642473,-1.165377,-1.1653461,0.72936064,-1.1270899,-1.1331222,-1.1277053,-1.1592923,-1.161195,-1.159624,-0.6735768,0.041422095,-0.2576584,0.40259483,-0.9827391,1.1489199,-0.13680287,-0.15066734,0.13504352,1.2072178,1.6072845,1.9918731,1.5587724,-1.3449128,-1.6183012,1.0490211,-1.1647099,-1.1648993,-1.1645418,-1.0524584,0.82673717,-1.3367776,0.0,0.0,-0.71325034,-0.7872225,1.0137513,0.89304596,-1.2125584,1.8832552,-1.724663,-1.1706257,-1.1687534,-1.1710299,0.050217975,-1.152504,-1.1517415,-1.1521467,-0.76431465,-1.1543347,-1.0948018,-1.1436422,-0.80553365
0.14836977,-0.50602067,-0.5086932,-0.20965596,-0.5165695,-0.46388167,-0.64210904,-1.1642473,-1.165377,-1.1653461,0.6725623,-1.1270899,-1.1331222,-1.1277053,-1.1592923,-1.161195,-1.159624,-0.6735768,-0.5589936,-0.52657753,-0.029858135,0.0068858177,1.1489199,-1.4414467,-0.15066734,0.13504352,1.2072178,1.6072845,1.5723805,1.5587724,-1.3449128,-1.6183012,0.17176704,-1.1647099,-1.1648993,-1.1645418,-1.2811852,0.82673717,-1.3367776,0.0,0.0,-0.71325034,-1.022731,-0.798329,1.0805737,-0.860127,1.1093975,-1.5389507,-1.1706257,-1.1687534,-1.1710299,-0.5455363,-1.152504,-1.1517415,-1.1521467,-0.76431465,-1.1543347,-1.0948018,-1.1436422,-0.80553365
0.113701634,-0.6796826,-0.631147,-0.45655674,-0.7459823,-0.75162417,-0.81321496,-1.1642473,-1.165377,-1.1653461,0.9513884,-1.1270899,-1.1331222,-1.1277053,-1.1592923,-1.161195,-1.159624,-0.6735768,-0.6713193,-0.9857309,-0.026083406,0.0068858177,1.1489199,-1.4414467,-0.15066734,0.13504352,1.2072178,1.6072845,1.5723805,0.65633684,-1.3449128,-1.6183012,0.17176704,-1.1647099,-1.1648993,-1.1645418,-1.5099118,0.50808513,-0.4795615,0.0,0.0,-1.2083734,-1.2582394,-0.798329,1.2681015,-0.860127,1.1093975,-1.5389507,-1.1706257,-1.1687534,-1.1710299,-0.66033304,-1.152504,-1.1517415,-1.1521467,-0.76431465,-1.1543347,-1.0948018,-1.1436422,-0.80553365
-0.47565657,-0.61705136,-0.43834636,-0.20418027,-0.6845741,-0.6492944,-0.9563496,-0.8970628,-0.89891434,-0.8961049,2.3542728,-0.8365657,-0.8435438,-0.8439393,-0.89431477,-0.89803046,-0.89956814,-0.6735768,-0.9370277,-2.2736876,-0.2599214,0.0068858177,1.1489199,-1.4414467,-0.15066734,0.13504352,1.2072178,1.6072845,1.152888,0.65633684,-1.3449128,-1.6183012,0.17176704,-0.9006536,-0.9010616,-0.902084,-1.7386385,0.18943305,-0.4795615,0.0,0.0,-1.2083734,-1.2582394,-0.798329,1.4556291,-0.5076956,0.33553985,-1.5389507,-0.9006801,-0.8946444,-0.8955501,-0.92627335,-0.8760402,-0.878256,-0.87222415,-0.76431465,-0.8947398,-0.871723,-0.83197093,-0.80553365
0.3737126,-0.17629898,-0.09360196,-0.100798406,-0.35048336,-0.32910535,-0.36369693,0.8789282,0.8722791,0.87771976,1.4100024,1.0965371,1.0560904,1.047834,0.8015416,0.8065586,0.7745413,-0.6735768,-0.27608433,-1.2617126,0.1027688,0.0068858177,1.1489199,-1.4414467,-0.15066734,0.13504352,1.2072178,1.6072845,1.152888,0.65633684,-1.3449128,-1.6183012,0.17176704,0.8487195,0.8468641,0.83669907,-1.7386385,0.18943305,-0.4795615,0.0,0.0,-1.7034963,-1.4937477,-0.798329,1.6431569,-0.5076956,0.33553985,-1.5389507,0.86019564,0.88457227,0.87785107,-0.27719823,0.916515,0.9145933,0.92469776,0.11006122,0.8142593,0.66752017,1.107317,-0.80553365
0.44304886,0.8154809,0.745585,0.6125578,0.690759,0.6767806,0.85519034,1.004662,0.99767333,1.0044216,-0.19047704,1.152407,1.0908397,1.0833048,0.89870006,0.9321599,0.88831574,0.32977644,0.8933144,0.6248299,0.82033974,0.0068858177,1.1489199,-1.4414467,-0.15066734,0.13504352,0.48186,1.6072845,0.7333952,0.65633684,-1.3449128,-1.6183012,-0.7054871,0.98074764,0.978783,0.967928,-1.9673653,-0.12921901,-0.4795615,0.0,0.0,-1.7034963,-1.7292562,-0.798329,1.8306847,-0.15526426,-0.43831784,-1.3532382,0.99309194,1.0041835,1.0069822,0.8938646,1.0413696,1.0158842,1.0420846,0.98443705,0.80344284,0.7121359,1.0553718,-1.6716337
0.65105766,1.7823849,1.8891034,2.5070906,2.2914407,2.3513656,1.3112242,1.004662,1.0133476,1.0044216,1.3927215,1.0741891,1.032924,1.0123633,0.92519784,0.9261789,0.91269594,0.8314531,0.6195729,-0.33802143,0.51577014,0.99651074,0.3355815,-1.4414467,-0.15066734,0.13504352,0.48186,1.6072845,0.7333952,0.65633684,-1.3449128,-1.6183012,-0.7054871,0.98074764,0.978783,0.967928,-2.196092,-0.12921901,-0.4795615,0.0,0.0,-2.1986194,-1.7292562,-0.798329,2.0182123,0.19716711,-0.43831784,-1.3532382,0.99724495,1.0191349,1.0026778,0.6524062,1.014615,1.0057551,1.0149953,0.11006122,0.7926264,0.6452123,0.9861114,0.9266665
-0.42365438,0.9733049,0.9697041,1.3109807,1.1303573,0.9915984,0.9891817,1.004662,1.0133476,1.0044216,0.026910692,1.018319,0.9518421,0.9414218,0.95169556,0.92019784,0.9370762,1.4585488,1.041195,0.49963406,0.78053623,0.99651074,0.3355815,-1.4414467,2.5442386,-2.6237507,0.48186,0.6456372,0.3139026,0.65633684,-1.3449128,-1.6183012,-0.7054871,0.98074764,0.978783,0.967928,-2.4248188,-0.4478711,0.3776546,0.0,0.0,-2.1986194,-1.9647646,-0.798329,2.2057402,0.19716711,-1.2121755,-1.3532382,0.99309194,1.0340862,1.0069822,0.98263526,0.9967786,0.98549694,0.96984655,-0.76431465,0.7818099,0.60059655,0.91685116,0.9266665
-0.23297966,0.85187256,0.8959516,0.9531421,0.94579196,0.7984262,0.9482303,1.004662,0.99767333,0.9885838,-0.042905968,1.1971031,1.3109193,1.3079529,0.96936077,0.9022548,1.010217,1.7093872,0.91731536,0.5313199,0.78910834,-0.9827391,1.9622583,-0.13680287,-2.8455732,2.8938377,1.9325757,1.6072845,1.9918731,1.5587724,-0.119926624,-0.28833294,1.0490211,1.0137547,1.0117627,1.0007352,-0.36627823,1.4640414,-1.3367776,0.0,0.0,0.27699572,-0.080697276,1.0137513,0.14293496,-1.9174211,2.6571128,-1.5389507,0.96817386,1.0041835,0.95102537,0.89423645,1.014615,1.0766587,1.0149953,0.11006122,0.760177,0.7344438,0.5705497,-0.80553365
-1.134351,0.84060585,0.6875154,0.9950875,1.2227535,0.6994213,1.4021955,0.95751184,0.9506505,0.9569084,-1.4112014,1.1971031,1.2530036,1.2724822,0.92519784,0.9321599,0.94520295,1.2077105,1.5086809,1.4838791,0.9720054,-0.9827391,1.1489199,-0.13680287,-2.8455732,2.8938377,1.2072178,1.6072845,1.9918731,1.5587724,-1.3449128,-0.28833294,1.0490211,0.98074764,0.978783,0.967928,-0.36627823,1.4640414,-1.3367776,0.0,0.0,0.27699572,-0.31620568,1.0137513,0.3304627,-1.5649897,1.8832552,-1.5389507,0.91833776,0.9094913,0.9036773,1.3723863,1.0324514,1.0260133,1.0330548,0.11006122,0.7709935,0.8236753,0.62249494,0.9266665
-1.4116961,0.6659057,0.6840926,0.70939267,0.6937537,0.5990736,0.5907667,-1.0699469,-1.0713314,-1.0703198,0.3682265,-1.0265237,-1.0288739,-1.021293,-1.0709665,-1.0714798,-1.0702298,0.07893813,0.5941294,0.20702873,0.6752829,-0.9827391,1.1489199,-0.13680287,-0.15066734,0.13504352,1.2072178,0.6456372,1.5723805,1.5587724,-1.3449128,-0.28833294,1.0490211,-1.0656887,-1.0659602,-1.0661201,-0.595005,1.1453892,-1.3367776,0.0,0.0,-0.21812733,-0.5517141,1.0137513,0.51799047,-1.2125584,1.8832552,-1.5389507,-1.0792595,-1.0790449,-1.080638,0.5970247,-1.0544039,-1.0605797,-1.0528194,0.11006122,-1.067803,-1.0055703,-1.0570669,-0.80553365
0.044365376,-0.6526879,-0.62180585,-0.17156881,-0.48930594,-0.55272394,-0.6862059,-1.1642473,-1.165377,-1.1653461,0.22254007,-1.1270899,-1.1331222,-1.1277053,-1.1592923,-1.161195,-1.159624,-0.6735768,-0.62884784,-0.3530006,-0.09110303,-0.9827391,1.1489199,-0.13680287,-0.15066734,0.13504352,1.2072178,0.6456372,1.5723805,1.5587724,-1.3449128,-0.28833294,1.0490211,-1.1647099,-1.1648993,-1.1645418,-0.82373166,0.82673717,-1.3367776,0.0,0.0,-0.21812733,-0.5517141,1.0137513,0.7055182,-1.2125584,1.1093975,-1.3532382,-1.1706257,-1.1687534,-1.1710299,-0.62195987,-1.152504,-1.1517415,-1.1521467,-0.76431465,-1.1543347,-1.0948018,-1.1436422,-0.80553365
-0.2156456,-1.1284217,-1.0493501,-0.776634,-1.1266264,-1.0461649,-1.253231,-1.1642473,-1.165377,-1.1653461,1.3207885,-1.1270899,-1.1331222,-1.1277053,-1.1592923,-1.161195,-1.159624,-0.6735768,-1.2454729,-1.8543174,-0.6675419,0.0068858177,1.1489199,-0.13680287,-0.15066734,0.13504352,1.2072178,0.6456372,1.5723805,0.65633684,-1.3449128,-1.6183012,0.17176704,-1.1647099,-1.1648993,-1.1645418,-1.0524584,0.50808513,-0.4795615,0.0,0.0,-0.71325034,-0.7872225,-0.798329,0.89304596,-0.860127,1.1093975,-1.3532382,-1.1706257,-1.1687534,-1.1710299,-1.2379222,-1.152504,-1.1517415,-1.1521467,-0.76431465,-1.1543347,-1.0948018,-1.1436422,-0.80553365
-0.18097746,-0.87252843,-0.7412997,-0.4991759,-0.90507853,-0.8504137,-1.1398915,-1.1642473,-1.165377,-1.1653461,2.2410042,-1.1270899,-1.1331222,-1.1277053,-1.1592923,-1.161195,-1.159624,-0.9244151,-1.1494899,-2.4875436,-0.55166143,0.0068858177,1.1489199,-1.4414467,-0.15066734,0.13504352,1.2072178,0.6456372,1.152888,0.65633684,-1.3449128,-1.6183012,0.17176704,-1.1647099,-1.1648993,-1.1645418,-1.2811852,0.50808513,-0.4795615,0.0,0.0,-0.71325034,-1.022731,-0.798329,1.0805737,-0.860127,0.33553985,-1.3532382,-1.1706257,-1.1687534,-1.1710299,-1.1415737,-1.152504,-1.1517415,-1.1521467,-0.76431465,-1.1543347,-1.0948018,-1.1436422,-0.80553365
0.061699443,-0.79635024,-0.6084963,-0.3174728,-0.80636036,-0.74974704,-1.142365,-1.1485305,-1.1497028,-1.1495085,2.4912543,-1.1047418,-1.1099559,-1.1040581,-1.1416272,-1.143252,-1.1433705,-0.798996,-1.2022803,-2.7471948,-0.65524286,0.0068858177,1.1489199,-1.4414467,-0.15066734,0.13504352,0.48186,0.6456372,1.152888,0.65633684,-1.3449128,-1.6183012,0.17176704,-1.1317029,-1.1319196,-1.1317346,-1.2811852,0.18943305,-0.4795615,0.0,0.0,-1.2083734,-1.2582394,-0.798329,1.2681015,-0.5076956,0.33553985,-1.3532382,-1.1540136,-1.1538019,-1.1538124,-1.1951747,-1.1346675,-1.1314833,-1.1340871,-0.76431465,-1.1327018,-1.0724939,-1.1263272,-0.80553365
0.49505106,-0.58538306,-0.5225069,-0.31494582,-0.55779946,-0.5061422,-0.69378495,-1.0542301,-1.0556571,-1.0544821,0.29389587,-1.0041758,-1.0057077,-1.0094695,-1.0444688,-1.0535368,-1.0539763,-0.6735768,-0.70939106,-0.57056445,-0.36957607,0.0068858177,0.3355815,-1.4414467,-0.15066734,0.13504352,0.48186,0.6456372,0.7333952,0.65633684,-1.3449128,-1.6183012,0.17176704,-1.0656887,-1.0659602,-1.0661201,-1.5099118,-0.12921901,-0.4795615,0.0,0.0,-1.2083734,-1.2582394,-0.798329,1.4556291,-0.15526426,0.33553985,-1.1675259,-1.0584944,-1.0591098,-1.0591162,-0.70218384,-1.0365676,-1.0301924,-1.0347598,-0.76431465,-1.0461701,-1.0055703,-1.0224367,0.9266665
0.58172137,1.1320298,1.176242,1.3408072,1.1050807,1.207892,0.76739943,-0.7241787,-0.7264973,-0.72189,1.0955025,-0.6577816,-0.66979676,-0.66658556,-0.74416083,-0.73654306,-0.74516,-0.17190018,0.5107028,-0.2510468,0.57635266,0.99651074,0.3355815,-1.4414467,-0.15066734,0.13504352,0.48186,0.6456372,0.7333952,0.65633684,-1.3449128,-1.6183012,-0.7054871,-0.7356184,-0.7361629,-0.73804784,-1.7386385,-0.12921901,-0.4795615,0.0,0.0,-1.7034963,-1.4937477,-0.798329,1.6431569,-0.15526426,-0.43831784,-1.1675259,-0.7428658,-0.7401466,-0.7405927,0.53661215,-0.6887583,-0.6959323,-0.691629,0.11006122,-0.75412595,-0.73787576,-0.7453956,0.9266665
1.1364114,1.3939723,1.3776217,1.4491669,1.417837,1.5451858,1.136025,0.8789282,0.8722791,0.87771976,0.87866586,1.0294931,0.9750084,0.9887161,0.7750439,0.81253964,0.7745413,0.7060339,0.767352,-0.010864993,0.66743827,0.99651074,0.3355815,-1.4414467,-0.15066734,0.13504352,0.48186,0.6456372,0.3139026,0.65633684,-1.3449128,-1.6183012,-0.7054871,0.8487195,0.8468641,0.83669907,-1.9673653,-0.4478711,0.3776546,0.0,0.0,-1.7034963,-1.7292562,-0.798329,1.8306847,0.19716711,-0.43831784,-1.1675259,0.81451255,0.81978285,0.8261986,0.80059814,0.9967786,0.96523875,0.99693584,0.98443705,0.71691126,0.5782887,0.67444015,0.9266665
0.14836977,0.6404872,0.47569057,-0.2829048,0.092964955,0.16038734,0.8370892,0.9889453,0.9819991,0.9885838,-0.53903323,1.1077111,1.0560904,1.0714812,0.87220234,0.90823585,0.880189,1.583968,1.2004906,0.90439606,0.9864654,0.99651074,0.3355815,-1.4414467,-0.15066734,0.13504352,0.48186,0.6456372,0.3139026,-0.24609877,-1.3449128,-1.6183012,-0.7054871,0.98074764,0.978783,0.967928,-2.196092,-0.7665231,0.3776546,0.0,0.0,-2.1986194,-1.7292562,-0.798329,2.0182123,0.54959846,-1.2121755,-0.98181355,0.9889389,0.9991997,0.9897647,1.1997815,1.0770423,1.0665296,1.0782037,0.11006122,0.760177,0.68982804,0.882221,-0.80553365
0.096367575,0.7919628,0.8603094,0.5987018,0.49420926,0.67507744,0.5086443,1.004662,0.99767333,0.9885838,1.0871658,1.2082771,1.3109193,1.3197764,0.942863,0.8484257,0.9614564,0.9568722,0.47987625,-0.27530882,0.63831574,-0.9827391,1.1489199,-0.13680287,-2.8455732,2.8938377,1.2072178,0.6456372,1.9918731,1.5587724,-0.119926624,-0.28833294,1.0490211,1.0137547,1.0117627,1.0007352,-0.13755153,1.4640414,-1.3367776,0.0,0.0,0.27699572,0.15481113,1.0137513,-0.04459278,-1.5649897,1.8832552,-1.3532382,0.9764799,1.0340862,0.97254723,0.51494765,1.0324514,1.0969169,1.0240251,-0.76431465,0.7818099,0.7790595,0.5705497,0.9266665
-0.5623269,0.7856504,0.7734854,0.8138462,0.76887405,0.7286951,0.77476704,1.004662,0.99767333,0.9885838,0.1877489,1.2753211,1.3456687,1.3788943,0.95169556,0.9142169,0.9370762,0.8314531,0.7621406,0.37767068,0.74157315,-0.9827391,1.1489199,-0.13680287,-0.15066734,0.13504352,1.2072178,0.6456372,1.5723805,1.5587724,-0.119926624,-0.28833294,1.0490211,1.0137547,1.0117627,1.0007352,-0.36627823,1.1453892,-1.3367776,0.0,0.0,0.27699572,-0.080697276,1.0137513,0.14293496,-1.5649897,1.8832552,-1.3532382,0.96402085,0.9842483,0.9682428,0.7553248,1.0413696,1.0766587,1.0511144,-0.76431465,0.82507575,0.8013674,0.6571251,0.9266665
-0.9090082,0.7497275,0.7416442,0.526726,0.4851726,0.56828165,0.6369789,0.6903274,0.68418777,0.70350486,0.44048268,0.98479706,1.0097578,1.0241868,0.6778854,0.68693835,0.6770204,0.20435728,0.6688154,0.1827643,0.7445082,-0.9827391,1.1489199,-0.13680287,-0.15066734,0.13504352,1.2072178,0.6456372,1.5723805,1.5587724,-0.119926624,-0.28833294,1.0490211,0.74969834,0.7479249,0.7382774,-0.36627823,1.1453892,-1.3367776,0.0,0.0,-0.21812733,-0.31620568,1.0137513,0.3304627,-1.2125584,1.8832552,-1.1675259,0.68161625,0.6702689,0.6798499,0.68843126,0.7470695,0.75252783,0.75313234,0.11006122,0.5222151,0.60059655,0.5186045,-0.80553365
-0.6143291,-0.14426301,-0.13769232,0.016100397,-0.2146934,-0.18636192,-0.19582717,-1.0856636,-1.0870057,-1.0861576,0.18915716,-1.0488718,-1.0520402,-1.0449402,-1.0886316,-1.089423,-1.0864832,-0.4227385,-0.13781913,-0.15253913,0.15042962,-0.9827391,1.1489199,-0.13680287,-0.15066734,0.13504352,1.2072178,0.6456372,1.152888,0.65633684,-0.119926624,-0.28833294,1.0490211,-1.0986959,-1.0989399,-1.0989274,-0.595005,0.82673717,-1.3367776,0.0,0.0,-0.21812733,-0.5517141,1.0137513,0.51799047,-0.860127,1.1093975,-1.1675259,-1.1000246,-1.0989802,-1.0978556,-0.1310592,-1.0811585,-1.0808378,-1.0799086,-0.76431465,-1.0894359,-1.0278782,-1.074382,-0.80553365
-0.33698404,-1.2327876,-1.1740617,-1.0447711,-1.2555336,-1.1820456,-1.33194,-1.1642473,-1.165377,-1.1653461,1.2397643,-1.1270899,-1.1331222,-1.1277053,-1.1592923,-1.161195,-1.159624,-0.798996,-1.3242074,-2.0944831,-0.93414336,0.0068858177,1.1489199,-0.13680287,-0.15066734,0.13504352,1.2072178,0.6456372,1.152888,0.65633684,-1.3449128,-0.28833294,0.17176704,-1.1647099,-1.1648993,-1.1645418,-0.82373166,0.50808513,-0.4795615,0.0,0.0,-0.71325034,-0.5517141,-0.798329,0.7055182,-0.860127,1.1093975,-1.1675259,-1.1706257,-1.1687534,-1.1710299,-1.3232789,-1.152504,-1.1517415,-1.1521467,0.11006122,-1.1543347,-1.0948018,-1.1436422,-0.80553365
-0.75300163,-1.1047502,-1.0048155,-0.89677155,-1.168317,-1.0833144,-1.2909579,-1.1642473,-1.165377,-1.1653461,1.9975065,-1.1270899,-1.1331222,-1.1277053,-1.1592923,-1.161195,-1.159624,-1.0498343,-1.2969303,-2.719437,-0.8785636,0.0068858177,1.1489199,-0.13680287,-0.15066734,0.13504352,0.48186,0.6456372,0.7333952,0.65633684,-1.3449128,-0.28833294,0.17176704,-1.1647099,-1.1648993,-1.1645418,-1.0524584,0.50808513,-0.4795615,0.0,0.0,-0.71325034,-0.7872225,-0.798329,0.89304596,-0.5076956,0.33553985,-0.98181355,-1.1706257,-1.1687534,-1.1710299,-1.2949659,-1.152504,-1.1517415,-1.1521467,1.8588129,-1.1543347,-1.0948018,-1.1436422,-0.80553365
0.99773896,-1.004215,-0.8779525,-0.7420748,-1.0563821,-0.9747995,-1.2229778,-1.1642473,-1.165377,-1.1653461,2.0734067,-1.1270899,-1.1331222,-1.1277053,-1.1592923,-1.161195,-1.159624,-1.0498343,-1.2407132,-2.5987666,-0.77070135,0.0068858177,0.3355815,-0.13680287,-0.15066734,0.13504352,0.48186,0.6456372,0.7333952,0.65633684,-1.3449128,-0.28833294,0.17176704,-1.1647099,-1.1648993,-1.1645418,-1.0524584,0.18943305,-0.4795615,0.0,0.0,-1.2083734,-1.022731,-0.798329,1.0805737,-0.15526426,0.33553985,-0.98181355,-1.1706257,-1.1687534,-1.1710299,-1.2359698,-1.152504,-1.1517415,-1.1521467,0.11006122,-1.1543347,-1.0948018,-1.1436422,-0.80553365
0.9630708,0.02269369,0.08392462,0.26143572,0.040790696,0.088892534,-0.15576574,-0.9127795,-0.91458863,-0.9119426,0.59101367,-0.8589137,-0.86671007,-0.8557629,-0.90314734,-0.9040114,-0.9076949,-0.54815763,-0.23925017,-0.45353135,0.014487688,0.0068858177,0.3355815,-1.4414467,-0.15066734,0.13504352,0.48186,0.6456372,0.7333952,0.65633684,-1.3449128,-0.28833294,-0.7054871,-0.9336606,-0.9340413,-0.9348912,-1.2811852,-0.12921901,-0.4795615,0.0,0.0,-1.2083734,-1.2582394,-0.798329,1.2681015,-0.15526426,0.33553985,-0.98181355,-0.9214452,-0.9245472,-0.92137635,-0.22674309,-0.89387655,-0.8985142,-0.89028364,-0.76431465,-0.9163727,-0.871723,-0.9012312,0.9266665
0.65105766,1.3690121,1.4401789,1.625935,1.2993801,1.4706817,0.8378602,0.75319433,0.7468849,0.75101805,1.58466,0.906579,0.9518421,0.9532454,0.7838765,0.8005776,0.75016105,-0.046481024,0.47892436,-0.5911471,0.53549516,0.99651074,0.3355815,-1.4414467,-0.15066734,0.13504352,0.48186,0.6456372,0.3139026,-0.24609877,-1.3449128,-1.6183012,-0.7054871,0.74969834,0.7479249,0.7382774,-1.5099118,-0.4478711,0.3776546,0.0,0.0,-1.2083734,-1.2582394,-0.798329,1.4556291,0.19716711,-0.43831784,-0.98181355,0.7065343,0.6902041,0.7185893,0.5104998,0.8273331,0.80317324,0.8434299,0.11006122,0.6520125,0.5782887,0.62249494,0.9266665
0.5643873,1.077081,1.0352882,0.7506184,0.796486,0.92703444,0.84661764,0.9732286,0.9663248,0.97274613,0.79663616,1.1412331,1.1719217,1.1778934,0.9870259,0.980008,0.94520295,0.4551956,0.727606,-0.013234699,0.7329292,0.99651074,0.3355815,-1.4414467,-0.15066734,0.13504352,0.48186,0.6456372,0.3139026,-0.24609877,-1.3449128,-1.6183012,-0.7054871,0.98074764,0.978783,0.967928,-1.7386385,-0.4478711,0.3776546,0.0,0.0,-1.7034963,-1.4937477,-0.798329,1.6431569,0.54959846,-0.43831784,-0.7961012,0.9349498,0.9294265,0.9424166,0.7656125,1.0502877,1.0462714,1.0691739,0.11006122,0.8142593,0.7344438,0.77833056,-0.80553365
-0.111641206,0.7773886,0.6612204,-0.21650098,0.0989098,0.34311196,0.70322216,0.9732286,0.9819991,0.97274613,0.36574942,1.118885,1.1255891,1.1424227,0.9605282,0.9381409,0.9289495,0.7060339,0.9237465,0.30373397,0.86756617,0.99651074,0.3355815,-1.4414467,-0.15066734,0.13504352,-0.2434978,0.6456372,-0.10559007,-0.24609877,-1.3449128,-1.6183012,-0.7054871,0.98074764,0.978783,0.967928,-1.7386385,-0.7665231,0.3776546,0.0,0.0,-1.7034963,-1.7292562,-0.798329,1.6431569,0.54959846,-1.2121755,-0.7961012,0.9349498,0.9443779,0.93811226,0.96975374,1.112715,1.1374333,1.1323823,0.11006122,0.80344284,0.68982804,0.81296074,0.9266665
-0.12897527,0.6235587,0.69457084,0.7068384,0.54544365,0.66532075,0.5033648,1.0203788,0.99767333,1.0044216,0.61523384,1.1635811,1.2298374,1.2251878,0.9605282,0.87234974,0.97770995,0.32977644,0.48783445,0.09976212,0.62436956,-0.9827391,1.1489199,-0.13680287,-0.15066734,0.13504352,1.2072178,0.6456372,1.5723805,1.5587724,-0.119926624,-0.28833294,1.0490211,1.0137547,1.0117627,1.0007352,0.09117518,1.4640414,-1.3367776,0.0,0.0,0.77211875,0.39031956,1.0137513,-0.23212051,-1.5649897,1.8832552,-0.98181355,0.95986784,0.9991997,0.95102537,0.5108579,1.0502877,1.1171751,1.0420846,-0.76431465,0.82507575,0.7344438,0.63981,0.9266665
-0.18097746,0.7496445,0.7614327,0.71074355,0.60920024,0.7183451,0.62636614,1.004662,0.99767333,0.9885838,0.5364791,1.2976692,1.3109193,1.3316001,0.95169556,0.9142169,0.9370762,0.32977644,0.5832796,0.15401573,0.68286383,-0.9827391,1.1489199,-0.13680287,-0.15066734,0.13504352,1.2072178,0.6456372,1.5723805,1.5587724,-0.119926624,-0.28833294,1.0490211,1.0137547,1.0117627,1.0007352,-0.13755153,1.1453892,-1.3367776,0.0,0.0,0.27699572,0.15481113,1.0137513,-0.04459278,-1.5649897,1.8832552,-0.98181355,0.9557148,0.97428066,0.9596341,0.60942495,1.0770423,1.107046,1.0872334,0.11006122,0.80344284,0.8236753,0.74370044,0.9266665
-0.47565657,0.9358346,0.9100273,0.8443759,0.6660686,0.84634507,0.64486367,0.95751184,0.9506505,0.9410707,0.99966794,1.2194512,1.2298374,1.2606585,0.97819334,0.9321599,0.96958315,-0.17190018,0.53181034,-0.19847514,0.6321033,-0.9827391,1.1489199,-0.13680287,-0.15066734,0.13504352,1.2072178,0.6456372,1.152888,0.65633684,-0.119926624,-0.28833294,1.0490211,0.98074764,0.978783,0.967928,-0.13755153,1.1453892,-1.3367776,0.0,0.0,0.27699572,-0.080697276,1.0137513,0.14293496,-1.2125584,1.1093975,-0.98181355,0.9224908,0.9344103,0.92089474,0.56404024,0.9611059,0.97536784,0.9608168,0.11006122,0.7493606,0.7344438,0.77833056,0.9266665
-0.30231592,-0.42297992,-0.4143041,-0.043766316,-0.32151622,-0.29092404,-0.50154454,-1.0856636,-1.0870057,-1.0861576,-0.26579827,-1.0376978,-1.0404571,-1.0331166,-1.079799,-1.0774609,-1.0783565,-0.6735768,-0.54487395,0.1380436,-0.29192126,-0.9827391,1.1489199,-0.13680287,-0.15066734,0.13504352,1.2072178,0.6456372,1.152888,0.65633684,-0.119926624,-0.28833294,1.0490211,-1.0656887,-1.0659602,-1.0661201,-0.36627823,0.82673717,-0.4795615,0.0,0.0,-0.21812733,-0.31620568,1.0137513,0.3304627,-0.860127,1.1093975,-0.7961012,-1.0917186,-1.0890126,-1.0892469,-0.5338014,-1.0722402,-1.0707088,-1.0708789,-0.76431465,-1.0786195,-1.0278782,-1.074382,0.9266665
-0.6663313,-1.3987986,-1.3621004,-1.2348225,-1.3751649,-1.3307811,-1.44341,-1.1642473,-1.165377,-1.1653461,0.4899549,-1.1270899,-1.1331222,-1.1277053,-1.1592923,-1.161195,-1.159624,-1.0498343,-1.4444299,-1.7785234,-1.2738415,0.0068858177,1.1489199,-0.13680287,-0.15066734,0.13504352,0.48186,0.6456372,0.7333952,0.65633684,-0.119926624,-0.28833294,0.17176704,-1.1647099,-1.1648993,-1.1645418,-0.595005,0.50808513,-0.4795615,0.0,0.0,-0.21812733,-0.31620568,-0.798329,0.51799047,-0.5076956,1.1093975,-0.7961012,-1.1706257,-1.1687534,-1.1710299,-1.4485143,-1.152504,-1.1517415,-1.1521467,0.11006122,-1.1543347,-1.0948018,-1.1436422,-0.80553365
-0.857006,-1.3327925,-1.2745353,-1.2865266,-1.4327579,-1.3383914,-1.4341664,-1.1642473,-1.165377,-1.1653461,1.3901856,-1.1270899,-1.1331222,-1.1277053,-1.1592923,-1.161195,-1.159624,-1.1752534,-1.4198611,-2.733389,-1.1956851,0.0068858177,0.3355815,-0.13680287,-0.15066734,0.13504352,0.48186,0.6456372,0.7333952,0.65633684,-0.119926624,-0.28833294,0.17176704,-1.1647099,-1.1648993,-1.1645418,-0.82373166,0.18943305,-0.4795615,0.0,0.0,-0.71325034,-0.5517141,-0.798329,0.7055182,-0.5076956,0.33553985,-0.7961012,-1.1706257,-1.1687534,-1.1710299,-1.4224594,-1.152504,-1.1517415,-1.1521467,4.4819403,-1.1543347,-1.0948018,-1.1436422,-0.80553365
1.6390994,-0.9773302,-0.9143108,-0.9018147,-1.1158698,-1.0223545,-1.1050045,-1.1485305,-1.1497028,-1.1495085,1.4363948,-1.1159158,-1.121539,-1.1158817,-1.1504598,-1.149233,-1.1514972,-1.0498343,-1.0555578,-2.0642238,-0.65268606,0.0068858177,0.3355815,-0.13680287,-0.15066734,0.13504352,0.48186,0.6456372,0.7333952,0.65633684,-0.119926624,-0.28833294,0.17176704,-1.1647099,-1.1648993,-1.1645418,-0.82373166,0.18943305,-0.4795615,0.0,0.0,-0.71325034,-0.7872225,-0.798329,0.89304596,-0.15526426,0.33553985,-0.7961012,-1.1581666,-1.1587858,-1.1624211,-1.0531381,-1.1435858,-1.1416124,-1.143117,0.11006122,-1.1327018,-1.0724939,-1.1263272,-0.80553365
1.3964224,0.66746926,0.6166052,0.48239014,0.34753564,0.44841528,0.50367206,-0.8184791,-0.82054293,-0.8169163,0.59651655,-0.74717367,-0.75087875,-0.737527,-0.79715633,-0.8023342,-0.8101739,-0.17190018,0.50916713,-0.13434656,0.59065294,0.0068858177,0.3355815,-0.13680287,-0.15066734,0.13504352,0.48186,0.6456372,0.3139026,-0.24609877,-1.3449128,-0.28833294,-0.7054871,-0.80163246,-0.80212235,-0.8036623,-1.0524584,-0.12921901,0.3776546,0.0,0.0,-1.2083734,-1.022731,-0.798329,1.0805737,0.19716711,-0.43831784,-0.6103888,-0.83007896,-0.82985497,-0.8266801,0.52143496,-0.7868584,-0.7870942,-0.7819266,-0.76431465,-0.73249304,-0.64864427,-0.7280805,-0.80553365
0.7723961,1.3525921,1.2993703,1.2982221,1.1316118,1.2665545,0.9728843,0.8474947,0.8566048,0.84604436,1.1701705,1.051841,1.0792567,1.0951284,0.8898675,0.9261789,0.85580873,0.4551956,0.72909963,-0.29932722,0.67496467,0.99651074,0.3355815,-1.4414467,-0.15066734,0.13504352,-0.2434978,0.6456372,0.3139026,-0.24609877,-1.3449128,-0.28833294,-0.7054871,0.8487195,0.8468641,0.8695063,-1.2811852,-0.4478711,0.3776546,0.0,0.0,-1.2083734,-1.2582394,-0.798329,1.2681015,0.19716711,-0.43831784,-0.6103888,0.8062065,0.7799125,0.8218942,0.7523602,0.92543316,0.884206,0.9337275,-0.76431465,0.6844619,0.66752017,0.7090703,0.9266665
0.49505106,0.9117617,0.80719805,0.22403765,0.42399544,0.53865284,0.81257415,0.9732286,0.9819991,0.97274613,0.4241415,1.1971031,1.1950879,1.2251878,1.0135237,1.0039321,0.96958315,0.8314531,0.8628802,0.23371512,0.8452603,0.99651074,-0.4777569,-1.4414467,-0.15066734,0.13504352,-0.2434978,0.6456372,-0.10559007,-0.24609877,-1.3449128,-0.28833294,-0.7054871,0.98074764,0.978783,1.0007352,-1.2811852,-0.7665231,0.3776546,0.0,0.0,-1.7034963,-1.2582394,-0.798329,1.2681015,0.54959846,-0.43831784,-0.6103888,0.9266438,0.9144751,0.93811226,0.8976123,1.068124,1.0665296,1.0872334,0.11006122,0.7926264,0.7121359,0.8302758,-0.80553365
0.14836977,0.7955095,0.7135574,-0.25330222,0.1820016,0.49712494,0.83204925,0.9732286,0.9819991,0.97274613,0.22109972,1.1859291,1.1719217,1.2133642,0.9958585,0.962065,0.94520295,0.9568722,0.93256986,0.5099074,0.85659266,0.99651074,-0.4777569,-1.4414467,-0.15066734,0.13504352,-0.2434978,-0.31601006,-0.10559007,-0.24609877,-1.3449128,-1.6183012,-0.7054871,0.98074764,0.978783,0.967928,-1.5099118,-1.0851752,0.3776546,0.0,0.0,-1.7034963,-1.4937477,-0.798329,1.4556291,0.9020298,-1.2121755,-0.42467648,0.91833776,0.9244427,0.9295035,1.0062815,1.1037968,1.1273042,1.1233524,0.11006122,0.7709935,0.7344438,0.882221,0.9266665
-1.0823488,0.908057,1.0965339,2.628494,2.1814044,1.4673395,1.0584686,1.004662,0.9819991,0.9885838,-0.38046166,0.940101,0.9750084,0.9532454,0.9870259,0.8962738,1.0020901,0.58061475,0.8627086,0.74624234,0.65016806,-0.9827391,1.1489199,1.167841,-0.15066734,0.13504352,1.2072178,0.6456372,1.152888,1.5587724,-0.119926624,-0.28833294,1.0490211,1.0137547,1.0117627,1.0007352,0.31990188,1.4640414,-1.3367776,0.0,0.0,0.77211875,0.62582797,1.0137513,-0.41964826,-1.5649897,1.8832552,-0.7961012,0.99309194,1.0390701,0.98546034,0.77584344,0.9432695,1.0057551,0.96984655,-0.76431465,0.8358922,0.8236753,1.0726868,0.9266665
-0.7703357,0.7973553,0.98698044,1.1952739,1.1727252,1.0926213,0.8402896,1.004662,0.9819991,0.9885838,0.2012461,1.1077111,1.0908397,1.106952,1.0223563,0.974027,1.0264704,0.07893813,0.6599312,0.47586927,0.6423084,-0.9827391,1.1489199,-0.13680287,-0.15066734,0.13504352,1.2072178,0.6456372,1.152888,1.5587724,-0.119926624,-0.28833294,1.0490211,0.98074764,0.978783,1.0007352,0.09117518,1.1453892,-1.3367776,0.0,0.0,0.77211875,0.39031956,1.0137513,-0.23212051,-1.2125584,1.1093975,-0.7961012,0.9764799,0.9942159,0.97254723,0.6635431,0.9521877,0.96523875,0.9608168,-0.76431465,0.662829,0.75675166,0.9341662,0.9266665
-0.94367635,0.8187275,0.8697626,0.94710106,0.72441995,0.85331184,0.562242,0.831778,0.809582,0.8143689,0.84052044,0.940101,0.91709274,0.9414218,0.8633697,0.8185206,0.8639355,-0.4227385,0.40914494,-0.10135224,0.5429058,-0.9827391,1.1489199,-0.13680287,-0.15066734,0.13504352,1.2072178,0.6456372,0.7333952,0.65633684,-0.119926624,-0.28833294,1.0490211,0.81571245,0.8138844,0.80389184,0.09117518,0.82673717,-1.3367776,0.0,0.0,0.27699572,0.15481113,1.0137513,-0.04459278,-1.2125584,1.1093975,-0.6103888,0.8062065,0.8247667,0.80037236,0.43796435,0.7827422,0.772786,0.7892514,0.11006122,0.5005822,0.5782887,0.77833056,0.9266665
-1.0650147,-1.0314978,-1.0235542,-0.5700107,-0.8350833,-0.8728588,-1.0279468,-1.0856636,-1.0870057,-1.0861576,-0.87190914,-1.0488718,-1.0520402,-1.0449402,-1.079799,-1.0834419,-1.0783565,-0.9244151,-1.0358183,0.11141328,-0.8200395,-0.9827391,0.3355815,-0.13680287,-0.15066734,0.13504352,0.48186,0.6456372,0.7333952,0.65633684,-0.119926624,-0.28833294,1.0490211,-1.0986959,-1.0989399,-1.0989274,-0.13755153,0.82673717,-0.4795615,0.0,0.0,0.27699572,-0.080697276,1.0137513,0.14293496,-0.860127,1.1093975,-0.6103888,-1.0958716,-1.0939964,-1.0935512,-1.0330975,-1.0811585,-1.0808378,-1.0799086,-0.76431465,-1.0894359,-1.0278782,-1.074382,0.9266665
-1.4116961,-1.517815,-1.4985019,-1.3227099,-1.4051191,-1.4149616,-1.5096607,-1.1642473,-1.165377,-1.1653461,-0.42798957,-1.1270899,-1.1331222,-1.1277053,-1.1592923,-1.161195,-1.159624,-1.1752534,-1.522085,-1.2831899,-1.60598,0.0068858177,0.3355815,-0.13680287,-0.15066734,0.13504352,0.48186,0.6456372,0.7333952,0.65633684,-0.119926624,-0.28833294,0.17176704,-1.1647099,-1.1648993,-1.1645418,-0.36627823,0.50808513,-0.4795615,0.0,0.0,-0.21812733,-0.31620568,-0.798329,0.3304627,-0.5076956,0.33553985,-0.6103888,-1.1706257,-1.1687534,-1.1710299,-1.5307577,-1.152504,-1.1517415,-1.1521467,-0.76431465,-1.1543347,-1.0948018,-1.1436422,0.9266665
1.6564335,-1.4447851,-1.4100057,-1.4275004,-1.4799328,-1.4202049,-1.4801795,-1.1485305,-1.1497028,-1.1495085,0.4102404,-1.1159158,-1.121539,-1.1158817,-1.1504598,-1.149233,-1.1514972,-1.1752534,-1.4627161,-2.011707,-1.4334743,0.0068858177,0.3355815,-0.13680287,-0.15066734,0.13504352,0.48186,0.6456372,0.3139026,0.65633684,-0.119926624,-0.28833294,0.17176704,-1.1647099,-1.1648993,-1.1645418,-0.36627823,0.18943305,-0.4795615,0.0,0.0,-0.21812733,-0.31620568,-0.798329,0.3304627,-0.15526426,0.33553985,-0.42467648,-1.1623197,-1.1587858,-1.1624211,-1.4696256,-1.1435858,-1.1416124,-1.143117,0.11006122,-1.1327018,-1.0724939,-1.1263272,-0.80553365
1.5524291,-0.8477709,-0.822745,-0.86601216,-1.0233573,-0.94542503,-0.9496138,-0.8656293,-0.8675658,-0.8644295,0.90655756,-0.7918697,-0.7972113,-0.796645,-0.8324867,-0.8382203,-0.85080767,-0.9244151,-0.8637671,-1.4596077,-0.5240125,0.0068858177,0.3355815,-0.13680287,-0.15066734,0.13504352,0.48186,0.6456372,0.3139026,-0.24609877,-0.119926624,-0.28833294,0.17176704,-0.8676466,-0.8680818,-0.86927676,-0.595005,-0.12921901,-0.4795615,0.0,0.0,-0.71325034,-0.5517141,-0.798329,0.51799047,-0.15526426,0.33553985,-0.42467648,-0.8674561,-0.8747092,-0.8654195,-0.8597154,-0.8225311,-0.83773965,-0.82707536,0.11006122,-0.5486134,-0.35864195,-0.55492985,-0.80553365
1.1710796,0.79302025,0.6528879,0.30023775,0.3561981,0.3772171,0.69163555,0.59602696,0.63716495,0.640154,0.39765877,0.884231,0.8707602,0.8941274,0.73971355,0.7706725,0.6770204,0.07893813,0.7864204,0.1197764,0.7833814,0.0068858177,0.3355815,-0.13680287,-0.15066734,0.13504352,-0.2434978,-0.31601006,0.3139026,-0.24609877,-0.119926624,-0.28833294,-0.7054871,0.6836843,0.6819655,0.6726629,-0.82373166,-0.4478711,0.3776546,0.0,0.0,-0.71325034,-0.7872225,-0.798329,0.7055182,0.19716711,-0.43831784,-0.42467648,0.6400862,0.6204309,0.66263247,0.79760724,0.8184149,0.772786,0.8434299,0.11006122,2.2312143,2.8983076,2.2674267,0.9266665
1.1017433,0.9525579,0.7346732,0.3334472,0.5417385,0.47422683,0.97829336,0.95751184,0.9663248,0.9569084,-0.028324446,1.1971031,1.1835048,1.2133642,1.0400214,1.0757042,1.0264704,0.9568722,1.0988936,0.50592566,0.9279332,0.99651074,-0.4777569,-1.4414467,-0.15066734,0.13504352,-0.2434978,-0.31601006,-0.10559007,-0.24609877,-0.119926624,-0.28833294,-0.7054871,0.98074764,0.978783,0.967928,-1.0524584,-0.4478711,0.3776546,0.0,0.0,-1.2083734,-1.022731,-0.798329,0.89304596,0.54959846,-0.43831784,-0.42467648,0.9058787,0.8746047,0.9165904,1.0944225,1.0235332,0.98549694,1.0330548,0.11006122,0.9656896,1.0690619,1.0553718,0.9266665
0.59905547,0.6097151,0.4644785,-0.1695402,0.19717109,0.20133749,0.785448,0.9732286,0.9663248,0.97274613,-0.45284185,1.1971031,1.1835048,1.2133642,1.0576866,1.0697232,1.0508506,1.583968,0.9878877,0.85469604,0.9488762,0.99651074,-0.4777569,-1.4414467,-0.15066734,0.13504352,-0.2434978,-0.31601006,-0.10559007,-0.24609877,-1.3449128,-0.28833294,-0.7054871,0.98074764,0.978783,0.967928,-1.0524584,-0.7665231,0.3776546,0.0,0.0,-1.2083734,-1.2582394,-0.798329,1.0805737,0.54959846,-0.43831784,-0.23896411,0.91418475,0.8795885,0.90798163,1.0129771,1.0502877,1.0260133,1.0511144,0.11006122,0.95487314,0.9575225,1.0034266,-1.6716337
0.49505106,0.7900114,0.69728386,0.17883614,0.5930571,0.6983786,1.0350398,0.9732286,0.9663248,0.97274613,-0.38996068,1.1859291,1.1603385,1.2015406,1.0576866,1.0278561,1.0508506,1.9602255,1.0807837,0.95364124,0.8622297,0.99651074,-0.4777569,-1.4414467,-0.15066734,0.13504352,-0.2434978,-0.31601006,-0.5250827,-0.24609877,-1.3449128,-0.28833294,-1.5827411,0.98074764,0.978783,0.967928,-1.2811852,-1.0851752,0.3776546,0.0,0.0,-1.7034963,-1.2582394,-0.798329,1.2681015,0.9020298,-1.2121755,-0.23896411,0.9058787,0.8995237,0.9036773,1.1097033,1.068124,1.0665296,1.0601442,0.11006122,0.93324023,0.8905989,1.141947,-1.6716337
-1.3596939,0.7737473,0.6911375,1.8733393,1.8833792,0.8871697,1.5545338,0.9889453,0.9819991,0.97274613,-2.2020223,0.73896897,0.766512,0.7404209,0.96936077,0.8544067,0.9614564,0.9568722,1.7281411,1.9705207,0.9760251,-0.9827391,1.1489199,1.167841,-0.15066734,0.13504352,1.2072178,0.6456372,1.152888,1.5587724,-0.119926624,-0.28833294,1.0490211,0.98074764,0.978783,0.967928,0.5486286,1.4640414,-1.3367776,0.0,0.0,0.77211875,0.86133635,1.0137513,-0.607176,-1.5649897,1.1093975,-0.42467648,1.0304691,1.0938919,1.0241997,1.4857808,0.88976043,0.96523875,0.915668,0.11006122,0.8358922,0.7790595,1.1592622,-1.6716337
-0.97834444,0.76873696,0.7575231,1.3227011,1.5668687,0.93017936,1.451979,1.004662,0.99767333,0.9885838,-1.6700382,0.962449,0.9518421,0.9532454,1.0311888,0.9501029,1.010217,0.20435728,1.456311,1.7641628,0.91578543,-0.9827391,1.1489199,1.167841,-0.15066734,0.13504352,1.2072178,0.6456372,0.7333952,0.65633684,-0.119926624,-0.28833294,1.0490211,1.0137547,1.0117627,1.0007352,0.31990188,1.1453892,-1.3367776,0.0,0.0,0.77211875,0.62582797,1.0137513,-0.607176,-1.2125584,1.1093975,-0.42467648,1.005551,1.0390701,1.0069822,1.3226143,0.8808422,0.9145933,0.8976085,-0.76431465,0.73854417,0.75675166,0.86490595,0.9266665
-0.8396719,0.7815477,0.7863362,0.9233519,0.89199764,0.80055237,0.79782385,-0.78704566,-0.7891944,-0.7852408,0.029434789,-0.74717367,-0.75087875,-0.7493506,-0.7794912,-0.7903722,-0.7776669,-0.17190018,0.73502874,0.5276278,0.7045192,-0.9827391,1.1489199,-0.13680287,-0.15066734,0.13504352,0.48186,0.6456372,0.7333952,0.65633684,-0.119926624,-0.28833294,1.0490211,-0.76862544,-0.7691426,-0.77085507,0.09117518,0.82673717,-0.4795615,0.0,0.0,0.77211875,0.39031956,1.0137513,-0.41964826,-0.860127,1.1093975,-0.42467648,-0.7968549,-0.79496837,-0.8008539,0.73747575,-0.79577655,-0.79722327,-0.79998606,-0.76431465,-0.8406576,-0.7824915,-0.7800257,0.9266665
-1.0650147,-0.8085012,-0.80744493,-0.44286978,-0.6332494,-0.6822768,-0.80619735,-1.1485305,-1.1497028,-1.1495085,-0.74723756,-1.1159158,-1.121539,-1.1158817,-1.1504598,-1.149233,-1.1433705,-0.798996,-0.82436323,0.22947292,-0.6657945,-0.9827391,0.3355815,-0.13680287,-0.15066734,0.13504352,0.48186,0.6456372,0.3139026,0.65633684,-0.119926624,-0.28833294,1.0490211,-1.1647099,-1.1648993,-1.1645418,0.09117518,0.50808513,-0.4795615,0.0,0.0,0.27699572,0.15481113,1.0137513,-0.23212051,-0.5076956,0.33553985,-0.42467648,-1.1581666,-1.1587858,-1.1581168,-0.82615966,-1.1435858,-1.1416124,-1.143117,-0.76431465,-1.1435182,-1.0948018,-1.1263272,0.9266665
-1.4636983,-1.5331417,-1.5225859,-1.3904575,-1.4076979,-1.430218,-1.5160683,-1.1642473,-1.165377,-1.1653461,-0.5181742,-1.1270899,-1.1331222,-1.1277053,-1.1592923,-1.161195,-1.159624,-1.1752534,-1.5250697,-1.098447,-1.6508234,0.0068858177,0.3355815,-0.13680287,-0.15066734,0.13504352,0.48186,0.6456372,0.3139026,0.65633684,-0.119926624,-0.28833294,0.17176704,-1.1647099,-1.1648993,-1.1645418,-0.13755153,0.18943305,-0.4795615,0.0,0.0,0.27699572,-0.080697276,-0.798329,-0.04459278,-0.5076956,0.33553985,-0.23896411,-1.1706257,-1.1687534,-1.1710299,-1.5354956,-1.152504,-1.1517415,-1.1521467,0.11006122,-1.1543347,-1.0948018,-1.1436422,0.9266665
1.4830928,-1.496204,-1.4771101,-1.5325824,-1.510841,-1.4784763,-1.5051472,-1.0699469,-1.0713314,-1.0703198,-0.09706777,-1.0265237,-1.0288739,-1.021293,-1.0533013,-1.0595179,-1.062103,-1.1752534,-1.4786167,-1.5528922,-1.5485954,0.0068858177,0.3355815,-0.13680287,-0.15066734,0.13504352,0.48186,0.6456372,0.3139026,-0.24609877,-0.119926624,-0.28833294,0.17176704,-1.0656887,-1.0659602,-1.0661201,-0.13755153,0.18943305,-0.4795615,0.0,0.0,-0.21812733,-0.31620568,-0.798329,0.14293496,-0.15526426,0.33553985,-0.23896411,-1.0751065,-1.0740612,-1.0763336,-1.48742,-1.0454857,-1.0504506,-1.0437895,0.11006122,-0.970455,-0.8494151,-0.9704915,0.9266665
1.2230818,-0.61488223,-0.63596517,-0.76251394,-0.79255,-0.8097922,-0.57582706,0.36027595,0.3863765,0.38675046,0.14151274,0.6160549,0.60434806,0.61036146,0.5453966,0.555356,0.50635874,-0.6735768,-0.38547298,-0.5655507,-0.12562865,0.0068858177,0.3355815,-0.13680287,-0.15066734,0.13504352,-0.2434978,-0.31601006,-0.10559007,-0.24609877,-0.119926624,-0.28833294,0.17176704,0.5186491,0.48408708,0.50862676,-0.36627823,-0.12921901,0.3776546,0.0,0.0,-0.21812733,-0.31620568,-0.798329,0.3304627,0.19716711,-0.43831784,-0.23896411,0.41167068,0.39615986,0.42589203,-0.3927437,0.56870574,0.52968776,0.58156693,0.11006122,1.982436,3.0321548,1.9557554,-0.80553365
1.2230818,0.89039177,0.81550723,0.4215775,0.6120644,0.55293876,0.804824,0.8946449,0.9036277,0.87771976,0.3152215,1.1747551,1.1950879,1.189717,1.0046911,1.0876663,0.9614564,0.07893813,0.8570225,0.2628659,0.826081,0.99651074,-0.4777569,-0.13680287,-0.15066734,0.13504352,-0.2434978,-0.31601006,-0.10559007,-0.24609877,-0.119926624,-0.28833294,-0.7054871,0.9477406,0.9458033,0.93512076,-0.595005,-0.4478711,0.3776546,0.0,0.0,-0.71325034,-0.5517141,-0.798329,0.51799047,0.54959846,-0.43831784,-0.23896411,0.8975727,0.83473426,0.9165904,0.8728613,1.0324514,0.96523875,1.0330548,-0.76431465,2.6963217,3.166002,2.9080842,0.9266665
1.0670753,0.832728,0.71598065,0.099528104,0.40631998,0.4648083,0.82933205,0.9732286,0.9663248,0.97274613,0.17088757,1.1971031,1.1487554,1.1778934,1.0576866,1.0816853,1.0427239,0.9568722,0.90384245,0.4376613,0.8713196,0.99651074,-0.4777569,-0.13680287,-0.15066734,0.13504352,-0.2434978,-0.31601006,-0.10559007,-0.24609877,-0.119926624,-0.28833294,-0.7054871,0.98074764,0.978783,0.967928,-0.595005,-0.7665231,0.3776546,0.0,0.0,-0.71325034,-0.7872225,-0.798329,0.7055182,0.54959846,-0.43831784,-0.05325175,0.91418475,0.8795885,0.9165904,0.9429453,1.0502877,1.0057551,1.0511144,-0.76431465,1.0738541,0.9575225,1.1592622,-0.80553365
0.8937346,0.60853183,0.4809263,-0.23080832,0.25596344,0.32674134,0.82112694,0.9732286,0.9663248,0.97274613,-0.49442607,1.1747551,1.1371723,1.1542463,1.0576866,1.0637422,1.0589774,1.7093872,0.9496185,0.96428794,0.92807114,0.99651074,-0.4777569,-1.4414467,-0.15066734,0.13504352,-0.2434978,-0.31601006,-0.5250827,-0.24609877,-0.119926624,-0.28833294,-0.7054871,0.9477406,0.978783,0.967928,-0.82373166,-1.0851752,1.2348707,0.0,0.0,-1.2083734,-1.022731,-0.798329,0.89304596,0.9020298,-1.2121755,-0.05325175,0.91418475,0.8895561,0.90798163,0.9993931,1.0592059,1.0260133,1.0511144,-0.76431465,0.97650605,0.8236753,1.0726868,-1.6716337
0.5643873,0.8590404,0.8745796,0.4859158,0.8720045,1.1171105,0.9788978,0.9732286,0.9819991,0.97274613,0.13919355,1.1971031,1.1487554,1.1778934,1.1018496,1.0757042,1.1158646,2.336483,0.8019122,0.7033549,0.7115026,0.99651074,-0.4777569,-1.4414467,-0.15066734,0.13504352,-0.9688556,-0.31601006,-0.5250827,-1.1485343,-1.3449128,-0.28833294,-1.5827411,0.9477406,0.978783,0.967928,-1.0524584,-1.4038273,1.2348707,0.0,0.0,-1.2083734,-1.2582394,-0.798329,1.0805737,1.2544612,-1.2121755,-0.05325175,0.9266438,0.9144751,0.92519915,0.8718663,0.97002405,0.96523875,0.9337275,0.11006122,0.93324023,0.66752017,1.124632,0.9266665
-0.7703357,0.65025204,0.6378701,1.5121876,1.3681809,0.9797259,1.0251354,0.9889453,0.9819991,0.97274613,-0.9310877,0.57135886,0.5927649,0.56306714,0.87220234,0.8484257,0.9289495,0.9568722,1.0513052,1.1959317,0.7845451,-0.9827391,1.1489199,1.167841,-0.15066734,0.13504352,1.2072178,0.6456372,0.7333952,0.65633684,1.1050595,1.0416353,1.0490211,0.98074764,0.978783,0.967928,0.5486286,1.4640414,-1.3367776,0.0,0.0,1.2672417,1.0968448,1.0137513,-0.9822315,-1.2125584,1.1093975,-0.23896411,1.1218352,1.1586813,1.097374,0.9706056,0.80057853,0.8538187,0.80731094,0.11006122,0.7818099,0.6229044,1.0380566,-1.6716337
-0.87434006,0.65783465,0.6264161,1.1989604,1.1381516,0.782478,0.9655421,0.9889453,0.99767333,0.9885838,-0.7951788,0.772491,0.80126137,0.7995388,0.942863,0.8902928,0.9614564,0.4551956,0.9864972,1.0850202,0.807847,-0.9827391,1.1489199,1.167841,-0.15066734,0.13504352,0.48186,0.6456372,0.3139026,0.65633684,-0.119926624,1.0416353,1.0490211,0.98074764,0.978783,0.967928,0.5486286,1.1453892,-1.3367776,0.0,0.0,0.77211875,0.86133635,1.0137513,-0.7947037,-1.2125584,1.1093975,-0.23896411,1.038775,1.0789405,1.028504,0.9293538,0.88976043,0.93485147,0.90663826,-0.76431465,0.7926264,0.66752017,0.84759086,0.9266665
-0.75300163,0.5392097,0.46082112,0.72768486,0.797986,0.48192975,0.71839374,-1.0699469,-1.0556571,-1.0703198,-0.66272604,-1.0376978,-1.0520402,-1.0449402,-1.0621339,-1.0714798,-1.062103,-0.29731932,0.7715584,0.9168877,0.6784269,-0.9827391,0.3355815,1.167841,-0.15066734,0.13504352,0.48186,0.6456372,0.3139026,0.65633684,-0.119926624,1.0416353,1.0490211,-1.0656887,-1.0659602,-1.0661201,0.31990188,0.82673717,-0.4795615,0.0,0.0,0.77211875,0.62582797,1.0137513,-0.607176,-0.860127,0.33553985,-0.23896411,-1.0709535,-1.0690774,-1.0720294,0.7363678,-1.0544039,-1.0605797,-1.0528194,-0.76431465,-1.067803,-1.0055703,-1.0570669,-0.80553365
-0.5623269,-1.141368,-1.1480136,-0.8949413,-0.98884165,-1.0592954,-1.0859644,-1.1642473,-1.165377,-1.1653461,-0.84868866,-1.1270899,-1.1331222,-1.1277053,-1.1592923,-1.161195,-1.159624,-0.798996,-1.048757,0.035871,-0.8814507,-0.9827391,0.3355815,-0.13680287,-0.15066734,0.13504352,0.48186,0.6456372,0.3139026,0.65633684,-0.119926624,-0.28833294,0.17176704,-1.1647099,-1.1648993,-1.1645418,0.31990188,0.50808513,-0.4795615,0.0,0.0,0.27699572,0.39031956,1.0137513,-0.41964826,-0.5076956,0.33553985,-0.05325175,-1.1706257,-1.1687534,-1.1710299,-1.0580117,-1.152504,-1.1517415,-1.1521467,0.98443705,-1.1543347,-1.0948018,-1.1436422,0.9266665
-1.1863532,-1.5579064,-1.548306,-1.4709681,-1.4571415,-1.4651684,-1.5281149,-1.1642473,-1.165377,-1.1653461,-0.78857106,-1.1270899,-1.1331222,-1.1277053,-1.1592923,-1.161195,-1.159624,-1.1752534,-1.5288614,-0.7406851,-1.7108773,0.0068858177,0.3355815,-0.13680287,-0.15066734,0.13504352,0.48186,-0.31601006,0.3139026,-0.24609877,-0.119926624,-0.28833294,0.17176704,-1.1647099,-1.1648993,-1.1645418,0.09117518,0.18943305,-0.4795615,0.0,0.0,0.27699572,0.15481113,-0.798329,-0.23212051,-0.15526426,0.33553985,-0.05325175,-1.1706257,-1.1687534,-1.1710299,-1.540652,-1.152504,-1.1517415,-1.1521467,2.7331889,-1.1543347,-1.0948018,-1.1436422,0.9266665
1.292418,-1.516878,-1.5004184,-1.562244,-1.5132225,-1.4796377,-1.5133611,-1.1485305,-1.1497028,-1.1495085,-0.30939028,-1.0935678,-1.1099559,-1.1040581,-1.1327946,-1.137271,-1.1352438,-1.1752534,-1.4927173,-1.1673942,-1.6197071,0.0068858177,0.3355815,-0.13680287,-0.15066734,0.13504352,-0.2434978,-0.31601006,-0.10559007,-0.24609877,-0.119926624,-0.28833294,0.17176704,-1.1647099,-1.1648993,-1.1645418,0.09117518,-0.12921901,0.3776546,0.0,0.0,-0.21812733,-0.080697276,-0.798329,-0.04459278,-0.15526426,-0.43831784,-0.05325175,-1.1457076,-1.1488181,-1.149508,-1.5035847,-1.1257493,-1.1213542,-1.1250573,-0.76431465,-1.1218853,-1.050186,-1.1090121,0.9266665
0.99773896,-0.7972105,-0.76728183,-0.8103202,-0.87856466,-0.8627801,-0.8328638,-0.5827281,-0.5854288,-0.5951882,0.5415742,-0.5013456,-0.519216,-0.51287895,-0.54984397,-0.5391696,-0.56637156,-0.9244151,-0.7407813,-0.97807693,-0.4209684,0.0068858177,-0.4777569,-0.13680287,-0.15066734,0.13504352,-0.2434978,-0.31601006,-0.10559007,-0.24609877,-0.119926624,-0.28833294,-0.7054871,-0.5705832,-0.57126427,-0.57401174,-0.13755153,-0.12921901,0.3776546,0.0,0.0,-0.21812733,-0.31620568,-0.798329,0.14293496,0.19716711,-0.43831784,0.13246061,-0.6058165,-0.6155516,-0.5985485,-0.7430095,-0.54606736,-0.56425416,-0.5471529,-0.76431465,-0.3539173,-0.20248684,-0.38177913,-0.80553365
0.99773896,0.6261578,0.6725224,0.46163365,0.53335553,0.46337283,0.48776597,0.8789282,0.8879534,0.8935575,0.52548784,1.1077111,1.1024228,1.0951284,0.95169556,1.0757042,0.9289495,-0.29731932,0.50904363,0.052350022,0.63714164,0.99651074,-0.4777569,-0.13680287,-0.15066734,0.13504352,-0.2434978,-0.31601006,-0.10559007,-0.24609877,-0.119926624,-0.28833294,-0.7054871,0.8817265,0.87984383,0.90231353,-0.36627823,-0.4478711,0.3776546,0.0,0.0,-0.21812733,-0.31620568,-0.798329,0.3304627,0.54959846,-0.43831784,0.13246061,0.8269716,0.73505825,0.8391117,0.52761763,0.9432695,0.8639478,0.92469776,-0.76431465,1.0738541,0.93521464,0.9861114,-0.80553365
0.6857258,0.8733602,0.85074687,0.34502152,0.59775126,0.7220684,0.8017409,0.9732286,0.9663248,0.97274613,0.47677317,1.1859291,1.1487554,1.1660699,1.0841844,1.1714004,1.0671041,0.4551956,0.7476287,0.27409396,0.7723092,0.99651074,-0.4777569,-0.13680287,-0.15066734,0.13504352,-0.9688556,-0.31601006,-0.5250827,-1.1485343,-0.119926624,-0.28833294,-0.7054871,0.98074764,0.978783,1.0007352,-0.36627823,-0.7665231,1.2348707,0.0,0.0,-0.71325034,-0.5517141,-0.798329,0.51799047,0.9020298,-0.43831784,0.13246061,0.91003174,0.8297505,0.9165904,0.8019456,1.0324514,0.95510966,1.0240251,0.11006122,0.95487314,0.75675166,0.9514813,-0.80553365
0.58172137,0.83634955,0.77132076,0.26849586,0.6368481,0.68691313,0.86100054,0.95751184,0.9663248,0.9569084,0.16698575,1.1859291,1.114006,1.1424227,1.1018496,1.1414953,1.0833576,1.2077105,0.82620895,0.5116032,0.81179357,0.99651074,-0.4777569,-1.4414467,-0.15066734,0.13504352,-0.9688556,-0.31601006,-0.5250827,-1.1485343,-0.119926624,-0.28833294,-1.5827411,0.98074764,0.978783,0.967928,-0.595005,-1.0851752,1.2348707,0.0,0.0,-0.71325034,-0.7872225,-0.798329,0.7055182,0.9020298,-1.2121755,0.13246061,0.9017257,0.8447019,0.9036773,0.8808346,1.0413696,0.98549694,1.0330548,0.11006122,0.93324023,0.75675166,0.9341662,-0.80553365
0.30437636,0.6999856,0.5937223,-0.022381231,0.4381429,0.50155437,0.8058175,0.9732286,0.9819991,0.97274613,-0.10035968,1.1747551,1.1024228,1.1424227,1.1195147,1.0816853,1.099611,1.7093872,0.91361916,0.70832694,0.85855025,0.99651074,-1.2910953,-1.4414467,-0.15066734,0.13504352,-0.9688556,-1.2776574,-0.5250827,-1.1485343,-0.119926624,-0.28833294,-1.5827411,0.98074764,0.978783,0.967928,-0.595005,-1.4038273,1.2348707,0.0,0.0,-1.2083734,-1.022731,-0.798329,0.89304596,1.2544612,-1.2121755,0.31817296,0.9307968,0.90450746,0.93811226,0.96678716,0.9611059,0.96523875,0.9427573,0.11006122,0.93324023,0.7121359,1.0553718,-1.6716337
-0.28498185,0.4917752,0.4055042,0.18823369,0.57657456,0.61163116,0.9379552,1.004662,0.99767333,0.9885838,-1.0696541,0.57135886,0.6159312,0.55124354,0.8280394,0.8364637,0.8964425,0.7060339,1.0261436,1.4630519,0.85412216,-1.972364,1.1489199,1.167841,-0.15066734,0.13504352,1.2072178,0.6456372,0.3139026,0.65633684,1.1050595,1.0416353,1.9262753,0.98074764,0.978783,1.0007352,0.7773553,1.4640414,-1.3367776,0.0,0.0,1.2672417,1.3323532,1.0137513,-1.1697593,-1.2125584,1.1093975,-0.05325175,1.1467532,1.1836003,1.131809,1.0447394,0.79166037,0.82343143,0.7711919,-0.76431465,0.69527835,0.5336729,0.74370044,-1.6716337
-0.68366534,0.4892324,0.4282183,0.5545912,0.5797921,0.4778115,0.73925847,0.75319433,0.7468849,0.7351803,-0.6775899,0.45961884,0.46535045,0.44483128,0.6248899,0.60918516,0.66889364,0.4551956,0.84259087,1.0059118,0.8082428,-0.9827391,0.3355815,1.167841,-0.15066734,0.13504352,0.48186,0.6456372,0.3139026,0.65633684,1.1050595,1.0416353,1.0490211,0.7166913,0.7149452,0.70547014,0.7773553,1.1453892,-1.3367776,0.0,0.0,1.2672417,1.0968448,1.0137513,-0.9822315,-0.860127,1.1093975,0.13246061,0.8435836,0.8795885,0.8305029,0.825807,0.5954603,0.6208496,0.59059674,0.11006122,0.5113987,0.42213356,0.5359196,-0.80553365
-1.134351,0.09641739,-0.009046055,0.20510915,0.2376217,0.007551083,0.32952583,-1.0542301,-1.0556571,-1.0703198,-1.0338513,-1.0488718,-1.0520402,-1.0449402,-1.0621339,-1.0654988,-1.062103,-0.4227385,0.44601646,1.0436527,0.4047491,-0.9827391,0.3355815,1.167841,-0.15066734,0.13504352,0.48186,0.6456372,0.3139026,0.65633684,1.1050595,1.0416353,1.0490211,-1.0656887,-1.0659602,-1.0661201,0.5486286,0.82673717,-0.4795615,0.0,0.0,0.77211875,0.86133635,1.0137513,-0.7947037,-0.5076956,0.33553985,0.13246061,-1.0626475,-1.0591098,-1.067725,0.40489358,-1.0544039,-1.0605797,-1.0618491,0.11006122,-1.067803,-1.0055703,-1.0570669,0.9266665
-0.87434006,-1.4440501,-1.4475899,-1.252327,-1.3016613,-1.3241745,-1.3861645,-1.1642473,-1.165377,-1.1653461,-1.1458814,-1.1270899,-1.1331222,-1.1277053,-1.1592923,-1.161195,-1.159624,-1.0498343,-1.3708633,0.28997865,-1.3186506,-0.9827391,0.3355815,1.167841,-0.15066734,0.13504352,0.48186,0.6456372,-0.10559007,0.65633684,1.1050595,1.0416353,0.17176704,-1.1647099,-1.1648993,-1.1645418,0.5486286,0.50808513,-0.4795615,0.0,0.0,0.77211875,0.62582797,1.0137513,-0.607176,-0.5076956,0.33553985,0.13246061,-1.1706257,-1.1687534,-1.1710299,-1.3796676,-1.152504,-1.1517415,-1.1521467,0.11006122,-1.1543347,-1.0948018,-1.1436422,0.9266665
-0.64899725,-1.5830791,-1.5782456,-1.4856684,-1.475126,-1.4746008,-1.5318179,-1.1642473,-1.165377,-1.1653461,-1.2886019,-1.1270899,-1.1331222,-1.1277053,-1.1592923,-1.161195,-1.159624,-1.1752534,-1.5308478,0.111918,-1.7213198,0.0068858177,0.3355815,-0.13680287,-0.15066734,0.13504352,-0.2434978,-0.31601006,-0.10559007,-0.24609877,-0.119926624,1.0416353,0.17176704,-1.1647099,-1.1648993,-1.1645418,0.31990188,0.18943305,-0.4795615,0.0,0.0,0.27699572,0.39031956,-0.798329,-0.41964826,-0.15526426,0.33553985,0.13246061,-1.1706257,-1.1687534,-1.1710299,-1.5428438,-1.152504,-1.1517415,-1.1521467,6.2306924,-1.1543347,-1.0948018,-1.1436422,-0.80553365
1.7084357,-1.5010622,-1.4900204,-1.4886504,-1.4598584,-1.433743,-1.4686552,-1.1013803,-1.10268,-1.1019952,-0.9299679,-1.0600458,-1.0636234,-1.0567638,-1.0974642,-1.0954039,-1.1027367,-1.1752534,-1.4490424,-0.09521318,-1.5382811,0.0068858177,-0.4777569,-0.13680287,-0.15066734,0.13504352,-0.2434978,-0.31601006,-0.10559007,-0.24609877,-0.119926624,-0.28833294,0.17176704,-1.0986959,-1.0989399,-1.0989274,0.31990188,-0.12921901,0.3776546,0.0,0.0,0.27699572,0.15481113,-0.798329,-0.23212051,0.19716711,-0.43831784,0.31817296,-1.1083306,-1.1139315,-1.1107687,-1.4585313,-1.0900767,-1.0808378,-1.0889384,0.98443705,-1.0894359,-1.050186,-1.091697,0.9266665
1.2230818,-0.64074385,-0.6308944,-0.73493457,-0.7327581,-0.72775346,-0.6204833,0.39170945,0.3863765,0.38675046,0.20550059,0.49314085,0.4769336,0.46847847,0.43940562,0.45367876,0.3925843,-0.6735768,-0.5089196,-0.4423686,-0.2325706,0.0068858177,-0.4777569,-0.13680287,-0.15066734,0.13504352,-0.2434978,-0.31601006,-0.5250827,-0.24609877,-0.119926624,-0.28833294,-0.7054871,0.38662094,0.3851479,0.37739787,0.09117518,-0.4478711,0.3776546,0.0,0.0,-0.21812733,-0.080697276,-0.798329,-0.04459278,0.54959846,-0.43831784,0.31817296,0.29953945,0.28153247,0.3225871,-0.51052374,0.42601478,0.3878805,0.42806107,0.11006122,0.33833548,0.17674698,0.15498805,0.9266665
1.6044313,0.41970193,0.37249663,0.22362982,0.31409195,0.24111398,0.5248428,0.95751184,0.9663248,0.97274613,-0.28805566,1.1859291,1.1719217,1.1542463,0.9958585,1.1474764,0.96958315,-0.046481024,0.6586058,0.63063806,0.7263992,0.99651074,-0.4777569,-0.13680287,-0.15066734,0.13504352,-0.9688556,-0.31601006,-0.5250827,-0.24609877,-0.119926624,-0.28833294,-0.7054871,0.98074764,0.978783,0.967928,0.09117518,-0.7665231,0.3776546,0.0,0.0,-0.21812733,-0.31620568,-0.798329,0.14293496,0.54959846,-0.43831784,0.31817296,0.8892667,0.78489625,0.9036773,0.6602022,1.014615,0.93485147,1.0059656,0.11006122,0.84670866,0.6452123,0.74370044,-1.6716337
0.30437636,0.89925426,0.8627773,0.56280416,0.7025046,0.7824828,0.8463592,0.9732286,0.9663248,0.97274613,0.3681833,1.1971031,1.1603385,1.1660699,1.0311888,1.1953245,1.0345972,0.58061475,0.7867893,0.32791024,0.7702542,0.99651074,-0.4777569,-0.13680287,-0.15066734,0.13504352,-0.9688556,-1.2776574,-0.5250827,-1.1485343,-0.119926624,-0.28833294,-0.7054871,0.98074764,0.978783,1.0007352,-0.13755153,-1.0851752,1.2348707,0.0,0.0,-0.71325034,-0.5517141,-0.798329,0.3304627,0.9020298,-1.2121755,0.31817296,0.91833776,0.8147991,0.92089474,0.8223385,1.068124,0.96523875,1.0511144,0.11006122,0.86834157,0.8013674,0.8995361,0.9266665
-0.12897527,0.8311086,0.8061993,0.48562208,0.71625906,0.75053144,0.7960721,0.95751184,0.9663248,0.9569084,0.30811417,1.152407,1.0676734,1.0951284,1.0665191,1.1115903,1.0671041,0.7060339,0.7400541,0.39026386,0.7589758,0.99651074,-1.2910953,-0.13680287,-0.15066734,0.13504352,-0.9688556,-1.2776574,-0.94457537,-1.1485343,-0.119926624,-0.28833294,-1.5827411,0.98074764,0.978783,1.0007352,-0.13755153,-1.4038273,1.2348707,0.0,0.0,-0.71325034,-0.5517141,-0.798329,0.51799047,1.2544612,-1.2121755,0.5038853,0.8851137,0.8297505,0.87785107,0.7848667,1.1037968,1.0665296,1.0962632,0.98443705,0.9116073,0.8236753,0.86490595,-0.80553365
0.8417324,0.66821563,0.5224382,-0.23180589,0.13203707,0.24026746,0.737855,0.95751184,0.9663248,0.9569084,-0.1611461,1.1300591,1.0445073,1.0833048,1.1460124,1.0697232,1.1402448,1.2077105,0.9507148,0.6604944,0.92195046,1.9861356,-1.2910953,-1.4414467,-0.15066734,0.13504352,-0.9688556,-1.2776574,-0.94457537,-1.1485343,-0.119926624,-0.28833294,-1.5827411,0.98074764,0.978783,1.0007352,-0.36627823,-1.4038273,1.2348707,0.0,0.0,-1.2083734,-0.7872225,-0.798329,0.7055182,1.6068926,-1.2121755,0.5038853,0.8726547,0.86962086,0.87354666,0.99280006,1.0502877,1.0564005,1.0330548,0.11006122,0.9116073,0.7344438,0.8995361,-1.6716337
-0.25031373,0.38271356,0.29277086,0.15914536,0.24507974,0.20841156,0.62363154,0.6903274,0.69986206,0.70350486,-0.72032285,0.21379073,0.29160342,0.24383037,0.5277315,0.549375,0.5794994,0.07893813,0.8869353,0.9961938,0.8351953,-1.972364,0.3355815,1.167841,-0.15066734,0.13504352,0.48186,0.6456372,-0.10559007,0.65633684,1.1050595,1.0416353,1.9262753,0.6836843,0.6819655,0.6726629,1.006082,1.4640414,-1.3367776,0.0,0.0,1.2672417,1.5678616,1.0137513,-1.3572869,-1.2125584,1.1093975,0.31817296,0.8269716,0.8646371,0.8175898,0.86927074,0.50627846,0.51955867,0.4822396,0.11006122,0.40323418,0.35520995,0.4147141,0.9266665
-0.2156456,0.47921193,0.36135966,0.50645286,0.48033157,0.31646046,0.7130992,-0.6770285,-0.6794745,-0.6743768,-0.73835456,-0.73599964,-0.7392956,-0.737527,-0.7088305,-0.706638,-0.6963995,-0.046481024,0.8950557,0.9740251,0.83739233,-0.9827391,0.3355815,1.167841,-0.15066734,0.13504352,0.48186,0.6456372,-0.10559007,0.65633684,1.1050595,1.0416353,1.0490211,-0.6696043,-0.67020345,-0.6724334,1.006082,1.1453892,-0.4795615,0.0,0.0,1.2672417,1.3323532,1.0137513,-1.1697593,-0.860127,0.33553985,0.31817296,-0.64734656,-0.6354868,-0.6502009,0.859164,-0.7065947,-0.7060614,-0.7096885,0.11006122,-0.73249304,-0.69326,-0.7107655,-1.6716337
-0.70099944,-0.17172639,-0.2627773,-0.012053942,-0.04204664,-0.23545648,-0.00019590404,-1.1328138,-1.1340286,-1.1336707,-1.0245576,-1.1047418,-1.1099559,-1.1040581,-1.1416272,-1.137271,-1.1352438,-0.6735768,0.10898399,0.9736496,0.11247776,-0.9827391,0.3355815,1.167841,-0.15066734,0.13504352,0.48186,0.6456372,-0.10559007,0.65633684,1.1050595,1.0416353,1.0490211,-1.1647099,-1.1648993,-1.1645418,0.7773553,0.82673717,-0.4795615,0.0,0.0,1.2672417,1.0968448,1.0137513,-0.9822315,-0.5076956,0.33553985,0.31817296,-1.1415546,-1.1388506,-1.1452036,0.073450275,-1.1346675,-1.1314833,-1.1340871,0.11006122,-1.1327018,-1.0724939,-1.1090121,0.9266665
-1.3250258,-1.5720372,-1.5772632,-1.3157369,-1.3451085,-1.3888437,-1.4929188,-1.1642473,-1.165377,-1.1653461,-1.7868785,-1.1270899,-1.1331222,-1.1277053,-1.1592923,-1.161195,-1.159624,-1.1752534,-1.5093706,1.2219216,-1.6103524,-0.9827391,0.3355815,1.167841,-0.15066734,0.13504352,-0.2434978,-0.31601006,-0.10559007,-0.24609877,1.1050595,1.0416353,0.17176704,-1.1647099,-1.1648993,-1.1645418,0.7773553,0.50808513,-0.4795615,0.0,0.0,0.77211875,0.86133635,1.0137513,-0.7947037,-0.15526426,0.33553985,0.5038853,-1.1706257,-1.1687534,-1.1710299,-1.519925,-1.152504,-1.1517415,-1.1521467,0.11006122,-1.1543347,-1.0948018,-1.1436422,-0.80553365
-3.1971047,-1.6177129,-1.6189561,-1.509807,-1.4721786,-1.4844524,-1.544435,-1.1642473,-1.165377,-1.1653461,-1.8192405,-1.1270899,-1.1331222,-1.1277053,-1.1592923,-1.161195,-1.159624,-1.1752534,-1.5492314,1.102776,-1.8185678,0.0068858177,-0.4777569,1.167841,-0.15066734,0.13504352,-0.2434978,-0.31601006,-0.5250827,-0.24609877,1.1050595,1.0416353,0.17176704,-1.1647099,-1.1648993,-1.1645418,0.5486286,0.18943305,0.3776546,0.0,0.0,0.77211875,0.62582797,-0.798329,-0.607176,-0.15526426,-0.43831784,0.5038853,-1.1706257,-1.1687534,-1.1710299,-1.563125,-1.152504,-1.1517415,-1.1521467,-2.5130663,-1.1543347,-1.0948018,-1.1436422,0.060566444
1.1017433,-1.3879646,-1.3927263,-1.4230318,-1.3689462,-1.331244,-1.3356832,-1.1485305,-1.1497028,-1.1495085,-1.1993015,-1.1159158,-1.121539,-1.1158817,-1.1504598,-1.149233,-1.1514972,-1.0498343,-1.3054945,0.47463092,-1.3826228,0.0068858177,-0.4777569,-0.13680287,-0.15066734,0.13504352,-0.2434978,-0.31601006,-0.5250827,-0.24609877,-0.119926624,1.0416353,0.17176704,-1.1647099,-1.1648993,-1.1645418,0.5486286,-0.12921901,0.3776546,0.0,0.0,0.27699572,0.39031956,-0.798329,-0.41964826,0.19716711,-0.43831784,0.5038853,-1.1623197,-1.1587858,-1.1624211,-1.3135775,-1.1435858,-1.1416124,-1.143117,0.98443705,-1.1435182,-1.0948018,-1.1263272,0.9266665
0.94573677,0.16287412,0.083165765,-0.117850676,0.078984916,-0.0390004,0.36573008,-0.8027624,-0.8048687,-0.80107856,-0.6836758,-0.74717367,-0.75087875,-0.7493506,-0.78832376,-0.77841014,-0.79392046,-0.29731932,0.53710586,0.80496556,0.552282,0.0068858177,-0.4777569,-0.13680287,-0.15066734,0.13504352,-0.9688556,-0.31601006,-0.5250827,-0.24609877,-0.119926624,-0.28833294,-0.7054871,-0.80163246,-0.80212235,-0.8036623,0.31990188,-0.4478711,0.3776546,0.0,0.0,0.27699572,0.15481113,-0.798329,-0.23212051,0.54959846,-0.43831784,0.5038853,-0.8176199,-0.82985497,-0.8180714,0.53211534,-0.77794015,-0.79722327,-0.7819266,0.11006122,-0.8082082,-0.7824915,-0.83197093,-0.80553365
1.1364114,0.56046003,0.52617717,0.31236264,0.43400016,0.500545,0.68885136,0.8946449,0.8879534,0.8935575,-0.21341442,1.040667,1.032924,1.0123633,0.89870006,1.0577612,0.8639355,0.58061475,0.7463022,0.7360012,0.7865329,0.99651074,-1.2910953,-0.13680287,-0.15066734,0.13504352,-0.9688556,-1.2776574,-0.5250827,-1.1485343,-0.119926624,-0.28833294,-0.7054871,0.8817265,0.87984383,0.90231353,0.31990188,-0.7665231,1.2348707,0.0,0.0,-0.21812733,-0.080697276,-0.798329,-0.04459278,0.9020298,-0.43831784,0.68959767,0.8435836,0.73505825,0.8563292,0.7711981,0.8986786,0.82343143,0.8976085,0.11006122,0.73854417,0.5336729,0.6571251,-1.6716337
0.7897302,0.93194675,0.9854888,0.6357635,0.63298,0.8033013,0.75866663,0.9732286,0.9819991,0.9885838,0.72800374,1.1412331,1.1024228,1.106952,1.048854,1.1414953,1.0427239,1.583968,0.6813752,0.04412969,0.7161757,0.99651074,-1.2910953,-0.13680287,-0.15066734,0.13504352,-0.9688556,-1.2776574,-0.94457537,-1.1485343,-0.119926624,-0.28833294,-0.7054871,0.98074764,0.978783,1.0007352,0.09117518,-1.0851752,1.2348707,0.0,0.0,-0.21812733,-0.31620568,-0.798329,0.14293496,1.2544612,-1.2121755,0.68959767,0.9017257,0.8247667,0.8993729,0.7173339,1.0859605,1.0260133,1.0872334,0.11006122,0.8575251,0.75675166,0.84759086,0.9266665
-0.3716522,0.95105374,1.033042,0.70997274,0.6857944,0.80835646,0.7112828,0.9732286,0.9663248,0.9885838,0.9360336,1.0965371,1.0445073,1.047834,1.0400214,1.0757042,1.0508506,1.9602255,0.6311911,-0.12478748,0.6949706,0.99651074,-1.2910953,-0.13680287,-0.15066734,0.13504352,-0.9688556,-1.2776574,-0.94457537,-1.1485343,-0.119926624,-0.28833294,-1.5827411,0.98074764,0.978783,1.0007352,0.09117518,-1.4038273,1.2348707,0.0,0.0,-0.71325034,-0.5517141,-0.798329,0.3304627,1.6068926,-1.2121755,0.68959767,0.8809607,0.8297505,0.8692423,0.6645547,1.1394696,1.1273042,1.141412,0.98443705,0.86834157,0.7121359,0.79564565,-0.80553365
-0.49299064,1.0927632,1.1667343,0.86544317,0.819564,1.0350695,0.7517057,0.9732286,0.9663248,0.97274613,1.2385623,1.040667,0.9865915,0.9887161,1.1283473,1.0697232,1.1564983,1.8348063,0.5930333,-0.3047671,0.6426136,1.9861356,-1.2910953,-1.4414467,-0.15066734,0.13504352,-1.6942135,-1.2776574,-0.94457537,-2.0509698,-0.119926624,-0.28833294,-1.5827411,0.98074764,0.978783,0.967928,-0.13755153,-1.7224793,2.0920868,0.0,0.0,-0.71325034,-0.7872225,-0.798329,0.51799047,1.6068926,-1.2121755,0.68959767,0.8809607,0.8646371,0.8649379,0.6391297,1.0413696,1.0665296,1.0330548,0.98443705,0.93324023,0.7790595,0.9861114,0.9266665
0.061699443,-0.49637863,-0.48992917,-0.15468654,-0.29857433,-0.42938134,-0.48561794,-0.7556122,-0.7578458,-0.75356543,0.12928559,-0.8477397,-0.8319607,-0.8439393,-0.78832376,-0.7903722,-0.7776669,-0.6735768,-0.35786012,-0.10372177,0.09104085,-1.972364,0.3355815,1.167841,2.5442386,-2.6237507,0.48186,0.6456372,-0.10559007,0.65633684,1.1050595,1.0416353,1.9262753,-0.76862544,-0.7691426,-0.77085507,1.2348088,1.4640414,-1.3367776,0.0,0.0,1.7623647,1.80337,1.0137513,-1.5448147,-1.2125584,0.33553985,0.5038853,-0.7345598,-0.72519517,-0.7362883,-0.36072937,-0.7868584,-0.7870942,-0.79998606,-0.76431465,-0.8082082,-0.7824915,-0.7973408,-0.80553365
-0.2156456,-0.6398025,-0.672829,-0.34988192,-0.45702177,-0.56628406,-0.5606361,-1.1328138,-1.1340286,-1.1336707,-0.44089347,-1.1047418,-1.1099559,-1.1040581,-1.1327946,-1.13129,-1.1271169,-0.798996,-0.5136544,0.2280344,-0.29311767,-0.9827391,0.3355815,1.167841,-0.15066734,0.13504352,0.48186,0.6456372,-0.5250827,0.65633684,1.1050595,1.0416353,1.0490211,-1.1317029,-1.1319196,-1.1317346,1.006082,1.1453892,-0.4795615,0.0,0.0,1.2672417,1.5678616,1.0137513,-1.3572869,-0.860127,0.33553985,0.5038853,-1.1332486,-1.128883,-1.1322905,-0.5306623,-1.1257493,-1.1213542,-1.1250573,0.11006122,-1.1327018,-1.0724939,-1.1090121,0.9266665
-0.38898626,-1.1792457,-1.2041551,-0.86262953,-0.9273965,-1.0353061,-1.0702906,-1.1642473,-1.165377,-1.1653461,-1.3967484,-1.1270899,-1.1331222,-1.1277053,-1.1592923,-1.161195,-1.159624,-0.9244151,-1.0480133,0.91445476,-1.0008832,-0.9827391,0.3355815,1.167841,-0.15066734,0.13504352,0.48186,-0.31601006,-0.5250827,0.65633684,1.1050595,1.0416353,1.0490211,-1.1647099,-1.1648993,-1.1645418,1.006082,0.82673717,-0.4795615,0.0,0.0,1.2672417,1.3323532,1.0137513,-1.1697593,-0.5076956,0.33553985,0.68959767,-1.1706257,-1.1687534,-1.1710299,-1.064482,-1.152504,-1.1517415,-1.1521467,0.11006122,-1.1543347,-1.0948018,-1.1436422,0.9266665
-0.94367635,-1.6126729,-1.6161915,-1.313114,-1.3347691,-1.4093505,-1.5326402,-1.1642473,-1.165377,-1.1653461,-1.9527524,-1.1270899,-1.1331222,-1.1277053,-1.1592923,-1.161195,-1.159624,-1.1752534,-1.568943,1.362301,-1.8046508,-0.9827391,-0.4777569,1.167841,-0.15066734,0.13504352,-0.2434978,-0.31601006,-0.5250827,-0.24609877,1.1050595,1.0416353,0.17176704,-1.1647099,-1.1648993,-1.1645418,1.006082,0.50808513,-0.4795615,0.0,0.0,0.77211875,1.0968448,1.0137513,-0.9822315,-0.15526426,0.33553985,0.68959767,-1.1706257,-1.1687534,-1.1710299,-1.5815531,-1.152504,-1.1517415,-1.1521467,0.98443705,-1.1543347,-1.0948018,-1.1436422,0.060566444
1.5524291,-1.6240189,-1.624937,-1.4945325,-1.4625894,-1.4878231,-1.5513147,-1.1642473,-1.165377,-1.1653461,-1.8688102,-1.1270899,-1.1331222,-1.1277053,-1.1592923,-1.161195,-1.159624,-1.1752534,-1.561103,1.0265039,-1.8843263,0.0068858177,-0.4777569,1.167841,-0.15066734,0.13504352,-0.2434978,-0.31601006,-0.5250827,-0.24609877,1.1050595,1.0416353,0.17176704,-1.1647099,-1.1648993,-1.1645418,0.7773553,0.18943305,0.3776546,0.0,0.0,0.77211875,0.86133635,-0.798329,-0.7947037,0.19716711,-0.43831784,0.68959767,-1.1706257,-1.1687534,-1.1710299,-1.575452,-1.152504,-1.1517415,-1.1521467,1.8588129,-1.1543347,-1.0948018,-1.1436422,-1.6716337
1.1364114,-1.3940066,-1.3903493,-1.441622,-1.3880223,-1.3305182,-1.3490509,-1.1642473,-1.165377,-1.1653461,-0.8418116,-1.1270899,-1.1331222,-1.1277053,-1.1592923,-1.1552141,-1.159624,-1.0498343,-1.3220893,0.012525938,-1.3435242,0.0068858177,-0.4777569,-0.13680287,-0.15066734,0.13504352,-0.2434978,-0.31601006,-0.5250827,-0.24609877,1.1050595,1.0416353,0.17176704,-1.1647099,-1.1648993,-1.1645418,0.7773553,-0.12921901,0.3776546,0.0,0.0,0.77211875,0.62582797,-0.798329,-0.607176,0.54959846,-0.43831784,0.68959767,-1.1664727,-1.1637696,-1.1667255,-1.3299484,-1.152504,-1.1517415,-1.1521467,0.98443705,-1.1543347,-1.0948018,-1.1436422,-0.80553365
0.9110686,0.1571747,0.057994165,-0.13108495,0.1877898,-0.05551628,0.44330192,-0.73989546,-0.7421716,-0.75356543,-0.9856535,-0.7583477,-0.774045,-0.7729978,-0.7794912,-0.7485051,-0.7857937,-0.4227385,0.63340235,1.0061258,0.5813434,0.0068858177,-0.4777569,-0.13680287,-0.15066734,0.13504352,-0.9688556,-1.2776574,-0.94457537,-1.1485343,1.1050595,1.0416353,-0.7054871,-0.7356184,-0.7361629,-0.73804784,0.5486286,-0.7665231,0.3776546,0.0,0.0,0.27699572,0.39031956,-0.798329,-0.41964826,0.54959846,-0.43831784,0.87531006,-0.7387128,-0.75011414,-0.7362883,0.6135231,-0.74226743,-0.7465778,-0.7367778,0.11006122,-0.75412595,-0.7824915,-0.7973408,-0.80553365
0.94573677,0.62404305,0.5493258,0.10687519,0.3335716,0.27277613,0.8163513,0.8789282,0.8879534,0.87771976,-0.62959445,0.895405,0.8823433,0.8704803,0.84570456,0.980008,0.815175,0.4551956,1.0241399,0.9210368,0.9309039,0.99651074,-1.2910953,-0.13680287,-0.15066734,0.13504352,-0.9688556,-1.2776574,-0.94457537,-1.1485343,-0.119926624,-0.28833294,-0.7054871,0.8817265,0.87984383,0.90231353,0.5486286,-1.0851752,1.2348707,0.0,0.0,0.27699572,0.15481113,-0.798329,-0.23212051,0.9020298,-1.2121755,0.87531006,0.8726547,0.7948639,0.88645977,1.0152277,0.88976043,0.8538187,0.90663826,0.11006122,0.7493606,0.4667493,0.6051799,-0.80553365
1.0150731,1.1548445,1.2154232,0.87456226,0.8478241,1.0831953,0.822974,0.9889453,0.9819991,0.9885838,1.179449,1.018319,0.9865915,0.97689253,1.0311888,1.0936472,1.010217,1.4585488,0.6189568,-0.25580427,0.6592273,0.99651074,-1.2910953,-0.13680287,-0.15066734,0.13504352,-0.9688556,-1.2776574,-0.94457537,-1.1485343,-0.119926624,-0.28833294,-1.5827411,0.98074764,0.978783,1.0007352,0.31990188,-1.4038273,1.2348707,0.0,0.0,-0.21812733,-0.080697276,-0.798329,-0.04459278,1.2544612,-1.2121755,0.87531006,0.9349498,0.86962086,0.93811226,0.66963935,1.0413696,1.0057551,1.0511144,0.11006122,0.8358922,0.51136506,0.7090703,0.9266665
-0.09430714,0.86883837,0.9596072,0.8404458,0.72273445,0.78287905,0.7620067,1.004662,0.99767333,1.0202593,0.44920585,0.962449,0.92867583,0.9177746,1.048854,1.0457991,1.0508506,2.4619021,0.7216076,0.1948662,0.7331674,0.99651074,-1.2910953,-0.13680287,-0.15066734,0.13504352,-1.6942135,-1.2776574,-0.94457537,-2.0509698,-0.119926624,-0.28833294,-1.5827411,0.98074764,0.978783,0.967928,0.31990188,-1.7224793,1.2348707,0.0,0.0,-0.21812733,-0.31620568,-0.798329,0.14293496,1.6068926,-1.2121755,1.0610224,0.8892667,0.8596533,0.8821554,0.7326015,1.1037968,1.1171751,1.1143227,0.11006122,0.8358922,0.5336729,0.69175524,-1.6716337
-1.0650147,1.2258583,1.4078583,1.4613756,1.3503613,1.530009,0.9304842,0.9889453,0.99767333,0.9885838,1.1090074,0.95127505,0.9055096,0.905951,1.1460124,1.0816853,1.1727518,1.9602255,0.58546406,-0.1660201,0.57961106,1.9861356,-2.1044338,-1.4414467,-0.15066734,0.13504352,-1.6942135,-2.2393045,-1.364068,-2.0509698,-0.119926624,-0.28833294,-1.5827411,0.9477406,0.978783,0.967928,0.31990188,-2.0411315,2.0920868,0.0,0.0,-0.71325034,-0.5517141,-0.798329,0.3304627,1.9593239,-1.2121755,1.0610224,0.91833776,0.8995237,0.8993729,0.61979043,0.9611059,0.97536784,0.9427573,0.11006122,0.86834157,0.66752017,0.8302758,0.9266665
-0.5449928,-0.19602078,-0.26896557,-0.18323621,-0.18100882,-0.3769029,-0.047816567,-0.8184791,-0.8048687,-0.80107856,-0.46835735,-0.8812617,-0.86671007,-0.86758643,-0.8324867,-0.8262583,-0.8264274,-0.6735768,0.27173638,0.43800193,0.44295537,-1.972364,0.3355815,2.4724848,2.5442386,-2.6237507,0.48186,0.6456372,-0.5250827,0.65633684,2.3300457,2.3716035,1.9262753,-0.80163246,-0.80212235,-0.8036623,1.4635354,1.4640414,-1.3367776,0.0,0.0,1.7623647,2.0388784,1.0137513,-1.7323425,-0.860127,0.33553985,0.68959767,-0.7345598,-0.72519517,-0.7362883,0.23355563,-0.8760402,-0.878256,-0.87222415,0.11006122,-0.537797,-0.26941046,-0.48566955,-1.6716337
-0.7183335,-1.2062554,-1.1962733,-0.8502665,-0.97000843,-1.0158927,-1.1801262,-1.1328138,-1.1340286,-1.1336707,-0.5466267,-1.1047418,-1.1099559,-1.1040581,-1.123962,-1.125309,-1.1271169,-0.9244151,-1.2042334,-0.02880274,-0.9975014,-0.9827391,0.3355815,1.167841,2.5442386,-2.6237507,0.48186,0.6456372,-0.5250827,0.65633684,1.1050595,1.0416353,1.0490211,-1.1317029,-1.1319196,-1.1317346,1.2348088,1.1453892,-0.4795615,0.0,0.0,1.7623647,1.80337,1.0137513,-1.5448147,-0.5076956,0.33553985,0.87531006,-1.1249427,-1.1189153,-1.1236818,-1.2079387,-1.1257493,-1.1213542,-1.1250573,0.98443705,-1.0894359,-1.0055703,-1.074382,0.9266665
-1.0476807,-1.6031933,-1.6073152,-1.3019396,-1.326445,-1.3914742,-1.5343094,-1.1642473,-1.165377,-1.1653461,-1.5942681,-1.1270899,-1.1331222,-1.1277053,-1.1592923,-1.161195,-1.159624,-1.1752534,-1.5801729,0.75121903,-1.8279566,-0.9827391,-0.4777569,1.167841,2.5442386,-2.6237507,-0.2434978,-0.31601006,-0.5250827,-0.24609877,1.1050595,1.0416353,1.0490211,-1.1647099,-1.1648993,-1.1645418,1.2348088,0.82673717,-0.4795615,0.0,0.0,1.2672417,1.5678616,1.0137513,-1.3572869,-0.5076956,0.33553985,0.87531006,-1.1706257,-1.1687534,-1.1710299,-1.5938686,-1.152504,-1.1517415,-1.1521467,0.98443705,-1.1543347,-1.0948018,-1.1436422,-0.80553365
-0.5103247,-1.6300846,-1.6333845,-1.3896354,-1.3867942,-1.4394836,-1.5655158,-1.1642473,-1.165377,-1.1653461,-1.6122859,-1.1270899,-1.1331222,-1.1277053,-1.1592923,-1.161195,-1.159624,-1.1752534,-1.6141384,0.4152561,-2.0955367,-0.9827391,-0.4777569,1.167841,-0.15066734,0.13504352,-0.2434978,-0.31601006,-0.94457537,-0.24609877,1.1050595,1.0416353,0.17176704,-1.1647099,-1.1648993,-1.1645418,1.2348088,0.50808513,-0.4795615,0.0,0.0,1.2672417,1.3323532,1.0137513,-1.1697593,-0.15526426,-0.43831784,0.87531006,-1.1706257,-1.1687534,-1.1710299,-1.6318744,-1.152504,-1.1517415,-1.1521467,0.98443705,-1.1543347,-1.0948018,-1.1436422,0.060566444
1.5004269,-1.6217473,-1.621848,-1.5684212,-1.4865723,-1.495108,-1.5687599,-1.1642473,-1.165377,-1.1653461,-1.2374414,-1.1270899,-1.1331222,-1.1277053,-1.1592923,-1.161195,-1.159624,-1.1752534,-1.5886824,-0.19487898,-2.0876117,0.0068858177,-0.4777569,1.167841,-0.15066734,0.13504352,-0.2434978,-0.31601006,-0.94457537,-0.24609877,1.1050595,1.0416353,0.17176704,-1.1647099,-1.1648993,-1.1645418,1.006082,-0.12921901,0.3776546,0.0,0.0,0.77211875,1.0968448,-0.798329,-0.9822315,0.19716711,-0.43831784,1.0610224,-1.1706257,-1.1687534,-1.1710299,-1.607867,-1.152504,-1.1517415,-1.1521467,-0.76431465,-1.1543347,-1.0948018,-1.1436422,0.060566444
1.032407,-1.3719169,-1.3679293,-1.4771036,-1.3909849,-1.3107173,-1.3401575,-1.1485305,-1.1497028,-1.1495085,-0.20063141,-1.1159158,-1.121539,-1.1158817,-1.1504598,-1.149233,-1.1514972,-1.0498343,-1.3145647,-0.7186434,-1.3419945,0.0068858177,-0.4777569,1.167841,-0.15066734,0.13504352,-0.9688556,-1.2776574,-0.94457537,-1.1485343,1.1050595,1.0416353,0.17176704,-1.1317029,-1.1319196,-1.1317346,1.006082,-0.4478711,0.3776546,0.0,0.0,0.77211875,0.86133635,-0.798329,-0.7947037,0.54959846,-0.43831784,1.0610224,-1.1540136,-1.1538019,-1.1538124,-1.3254762,-1.1435858,-1.1416124,-1.143117,-0.76431465,-1.1435182,-1.0724939,-1.1263272,0.9266665
0.80706424,0.15356544,0.06303826,-0.15648584,0.1307707,-0.10374829,0.3702307,0.5803102,0.57446784,0.5768031,-0.7480872,0.31435677,0.30318657,0.27930114,0.43057305,0.52545094,0.4088378,-0.54815763,0.57115704,0.84675,0.55994105,0.0068858177,-1.2910953,-0.13680287,-0.15066734,0.13504352,-0.9688556,-1.2776574,-0.94457537,-1.1485343,1.1050595,1.0416353,-0.7054871,0.6176702,0.5830263,0.60704845,0.7773553,-0.7665231,1.2348707,0.0,0.0,0.27699572,0.62582797,-0.798329,-0.607176,0.9020298,-0.43831784,1.0610224,0.6400862,0.61544704,0.6540237,0.5528172,0.5597876,0.54994595,0.5725372,-0.76431465,0.5113987,0.2436706,0.29350862,0.9266665
0.80706424,0.6056368,0.5809003,0.6162388,0.69933826,0.45381472,0.8906783,0.9889453,0.9819991,0.9885838,-0.9804871,0.7166209,0.69701314,0.68130296,0.9340304,0.974027,0.91269594,0.20435728,1.0663718,1.1661409,0.91807956,0.99651074,-1.2910953,-0.13680287,-0.15066734,0.13504352,-0.9688556,-1.2776574,-0.94457537,-1.1485343,1.1050595,1.0416353,-0.7054871,0.98074764,0.9458033,0.967928,0.7773553,-1.0851752,1.2348707,0.0,0.0,0.27699572,0.39031956,-0.798329,-0.41964826,1.2544612,-1.2121755,1.0610224,0.9557148,0.9344103,0.9639385,1.0221272,0.9967786,0.99562603,1.0059656,0.11006122,0.86834157,0.51136506,0.6051799,0.9266665
0.92840266,0.95757824,1.0636923,0.8317149,0.7574483,0.9523271,0.71961975,0.9889453,0.99767333,1.0044216,0.9435572,0.79483896,0.7433457,0.7404209,1.0135237,1.0457991,1.0020901,1.2077105,0.5685526,-0.10218029,0.6526367,0.99651074,-1.2910953,-0.13680287,-0.15066734,0.13504352,-1.6942135,-1.2776574,-1.364068,-1.1485343,-0.119926624,-0.28833294,-1.5827411,0.98074764,0.978783,1.0007352,0.7773553,-1.4038273,1.2348707,0.0,0.0,0.27699572,0.15481113,-0.798329,-0.23212051,1.6068926,-1.2121755,1.2467347,0.9391028,0.90450746,0.93380785,0.608464,1.0502877,1.0361423,1.0601442,0.11006122,0.84670866,0.4667493,0.6571251,0.9266665
-0.19831154,0.87516266,0.9707655,0.7675523,0.8079089,1.023914,0.78244466,1.004662,0.99767333,1.0044216,0.5489429,0.79483896,0.766512,0.76406807,1.0311888,1.015894,1.0345972,1.9602255,0.6069299,0.247125,0.67153203,1.9861356,-2.1044338,-0.13680287,-0.15066734,0.13504352,-1.6942135,-2.2393045,-1.364068,-2.0509698,-0.119926624,-0.28833294,-1.5827411,0.9477406,0.978783,0.967928,0.5486286,-1.7224793,2.0920868,0.0,0.0,-0.21812733,-0.080697276,-0.798329,-0.04459278,1.6068926,-1.2121755,1.2467347,0.9391028,0.9294265,0.9295035,0.654271,1.0235332,1.0361423,1.0240251,0.11006122,0.80344284,0.5336729,0.72638535,0.9266665
-0.70099944,1.0502511,1.1062152,1.0608059,1.2881719,1.3236284,1.0896839,1.004662,0.99767333,1.0044216,0.23777077,0.76131696,0.7317626,0.7285973,1.1195147,1.0099131,1.1321181,1.583968,0.8429686,0.5233151,0.7069141,1.9861356,-2.1044338,-0.13680287,-0.15066734,0.13504352,-2.4195712,-2.2393045,-1.364068,-2.0509698,-0.119926624,-0.28833294,-1.5827411,0.9477406,0.978783,0.967928,0.5486286,-2.0411315,2.0920868,0.0,0.0,-0.21812733,-0.31620568,-0.798329,0.14293496,1.9593239,-1.2121755,1.2467347,0.9723269,1.0041835,0.9682428,0.87111765,0.85408765,0.884206,0.8434299,0.11006122,0.7926264,0.5336729,0.7090703,0.9266665
-1.0996829,0.5902978,0.47648367,0.22230701,0.4210975,0.4929582,0.7813563,0.50172657,0.5117707,0.52928996,-0.44227415,-0.020863365,0.07152386,0.031005874,0.3422472,0.40583065,0.40071103,-0.17190018,0.96777296,0.8613858,0.79339904,-1.972364,0.3355815,2.4724848,2.5442386,-2.6237507,0.48186,0.6456372,-0.94457537,0.65633684,2.3300457,2.3716035,1.9262753,0.5516561,0.55004656,0.541434,1.6922622,1.4640414,-1.3367776,0.0,0.0,1.7623647,2.274387,1.0137513,-2.107398,-0.860127,0.33553985,1.0610224,0.86850166,0.9094913,0.8649379,0.9508131,0.104960136,0.10426592,0.102989756,0.11006122,1.3983476,2.1621478,1.5055635,-0.80553365
-1.0650147,-0.7038346,-0.7038383,-0.56582946,-0.49997208,-0.41316518,-0.6493458,-0.645595,-0.6324516,-0.62686366,-0.3250353,-0.7806957,-0.76246184,-0.7611742,-0.68233275,-0.6587899,-0.6557658,-0.6735768,-0.7665078,0.13840002,-0.7026569,-0.9827391,0.3355815,2.4724848,2.5442386,-2.6237507,0.48186,0.6456372,-0.94457537,0.65633684,2.3300457,2.3716035,1.0490211,-0.6365973,-0.604244,-0.6068189,1.4635354,1.1453892,-0.4795615,0.0,0.0,1.7623647,2.0388784,1.0137513,-1.9198703,-0.5076956,0.33553985,1.0610224,-0.5186033,-0.50590795,-0.52106977,-0.76594764,-0.7601038,-0.7567069,-0.763867,0.11006122,-0.27820218,0.06520762,-0.24325857,2.6588666
-0.9610104,-1.5778666,-1.5820491,-1.4838158,-1.4501244,-1.4315418,-1.5152631,-1.117097,-1.1183542,-1.117833,-1.0221158,-1.1047418,-1.0983728,-1.1040581,-1.123962,-1.119328,-1.1189902,-1.1752534,-1.5338092,-0.23267086,-1.923242,-0.9827391,-0.4777569,1.167841,2.5442386,-2.6237507,-0.2434978,-0.31601006,-0.94457537,-0.24609877,1.1050595,1.0416353,1.0490211,-1.1317029,-1.1319196,-1.1317346,1.4635354,0.82673717,-0.4795615,0.0,0.0,1.7623647,1.80337,1.0137513,-1.7323425,-0.15526426,-0.43831784,1.2467347,-1.1166366,-1.1139315,-1.1193774,-1.5538934,-1.1168312,-1.1213542,-1.1160276,-0.76431465,-1.0786195,-1.0055703,-1.074382,0.060566444
-3.1971047,-1.6354804,-1.6336802,-1.5436317,-1.4833665,-1.4780589,-1.590402,-1.1642473,-1.165377,-1.1653461,-0.9568277,-1.1270899,-1.1331222,-1.1277053,-1.1592923,-1.161195,-1.159624,-1.1752534,-1.6384147,-1.1961858,-2.365548,-0.9827391,-0.4777569,1.167841,2.5442386,-2.6237507,-0.2434978,-0.31601006,-0.94457537,-0.24609877,1.1050595,1.0416353,0.17176704,-1.1647099,-1.1648993,-1.1645418,1.4635354,0.18943305,0.3776546,0.0,0.0,1.2672417,1.5678616,1.0137513,-1.5448147,0.19716711,-0.43831784,1.2467347,-1.1706257,-1.1687534,-1.1710299,-1.6625994,-1.152504,-1.1517415,-1.1521467,-2.5130663,-1.1543347,-1.0948018,-1.1436422,0.060566444
1.5870972,-1.6269433,-1.6231809,-1.6448723,-1.5561577,-1.5213618,-1.5836787,-1.1642473,-1.165377,-1.1653461,-0.9367083,-1.1270899,-1.1331222,-1.1277053,-1.1592923,-1.161195,-1.159624,-1.1752534,-1.6022522,-1.1126754,-2.2446723,0.0068858177,-0.4777569,1.167841,-0.15066734,0.13504352,-0.9688556,-0.31601006,-0.94457537,-0.24609877,1.1050595,1.0416353,0.17176704,-1.1647099,-1.1648993,-1.1645418,1.2348088,-0.12921901,0.3776546,0.0,0.0,1.2672417,1.3323532,-0.798329,-1.3572869,0.19716711,-0.43831784,1.2467347,-1.1706257,-1.1687534,-1.1710299,-1.6244166,-1.152504,-1.1517415,-1.1521467,0.11006122,-1.1543347,-1.0948018,-1.1436422,0.060566444
1.0670753,-1.1670337,-1.1920624,-1.3109616,-1.1963917,-1.1678021,-1.0914112,-0.78704566,-0.7735201,-0.7852408,-0.54993236,-0.8589137,-0.8435438,-0.8439393,-0.77065855,-0.78439116,-0.7695402,-0.9244151,-1.0310054,-0.3011612,-1.1526068,0.0068858177,-1.2910953,1.167841,-0.15066734,0.13504352,-0.9688556,-1.2776574,-1.364068,-1.1485343,1.1050595,1.0416353,0.17176704,-0.76862544,-0.7691426,-0.77085507,1.2348088,-0.4478711,0.3776546,0.0,0.0,0.77211875,1.0968448,-0.798329,-0.9822315,0.54959846,-0.43831784,1.4324471,-0.72625375,-0.71024376,-0.7233752,-1.0490015,-0.8225311,-0.80735236,-0.8180456,-0.76431465,-0.49453115,-0.1578711,-0.48566955,0.9266665
0.8590664,0.2532212,0.109619334,-0.18221225,0.193075,-0.16585174,0.600039,0.8946449,0.9036277,0.9093952,-1.2018011,0.4037488,0.43060106,0.40936053,0.7573787,0.7706725,0.75016105,-0.4227385,0.9212082,1.2080741,0.7946323,0.99651074,-1.2910953,1.167841,-0.15066734,0.13504352,-0.9688556,-1.2776574,-1.364068,-1.1485343,1.1050595,1.0416353,-0.7054871,0.9147335,0.87984383,0.90231353,1.2348088,-0.7665231,1.2348707,0.0,0.0,0.77211875,0.62582797,-0.798329,-0.7947037,0.9020298,-1.2121755,1.4324471,0.95986784,0.9842483,0.9768516,0.875447,0.8362513,0.8639478,0.82537043,-0.76431465,0.7818099,0.5336729,0.5532347,-0.80553365
0.737728,0.6013712,0.64297533,0.93383044,0.8268274,0.5591338,0.7928164,1.004662,1.0133476,1.0044216,-0.580178,0.53783685,0.5580155,0.52759635,0.91636527,0.8902928,0.9208227,0.20435728,0.9064897,0.863915,0.820067,0.99651074,-1.2910953,-0.13680287,-0.15066734,0.13504352,-1.6942135,-1.2776574,-1.364068,-1.1485343,1.1050595,1.0416353,-0.7054871,1.0137547,0.978783,1.0007352,1.006082,-1.0851752,1.2348707,0.0,0.0,0.27699572,0.39031956,-0.798329,-0.607176,1.2544612,-1.2121755,1.4324471,1.022163,1.0540215,1.028504,0.8562685,0.9611059,0.98549694,0.95178705,-0.76431465,0.84670866,0.48905718,0.5878648,-1.6716337
0.92840266,0.66387296,0.8509184,0.5866359,0.34868297,0.5805737,0.35700926,1.004662,1.0133476,1.0044216,1.2753967,0.57135886,0.5811818,0.53941995,0.92519784,0.9142169,0.9289495,0.9568722,0.31728736,-0.42783248,0.5849877,0.99651074,-2.1044338,-0.13680287,-0.15066734,0.13504352,-1.6942135,-2.2393045,-1.364068,-2.0509698,1.1050595,1.0416353,-1.5827411,0.98074764,0.978783,1.0007352,1.006082,-1.4038273,1.2348707,0.0,0.0,0.27699572,0.15481113,-0.798329,-0.41964826,1.6068926,-1.2121755,1.4324471,1.01801,1.0390701,1.0112866,0.35527986,0.97002405,0.98549694,0.96984655,0.11006122,0.84670866,0.4667493,0.62249494,0.9266665
-0.38898626,1.3117073,1.6175218,1.7587602,1.5229764,2.06987,0.793376,1.004662,0.99767333,0.9885838,1.9170011,0.6272289,0.62751436,0.59853786,0.97819334,0.9441219,1.0020901,1.583968,0.1528646,-0.63213503,0.37246686,1.9861356,-2.1044338,-0.13680287,-0.15066734,0.13504352,-2.4195712,-2.2393045,-1.364068,-2.0509698,-0.119926624,-0.28833294,-1.5827411,0.9477406,0.978783,0.967928,1.006082,-1.7224793,2.0920868,0.0,0.0,0.27699572,-0.080697276,-0.798329,-0.23212051,1.9593239,-1.2121755,1.6181595,0.99724495,1.0041835,0.98546034,0.23571213,0.9521877,0.98549694,0.95178705,0.11006122,0.82507575,0.51136506,0.74370044,0.9266665
-0.7703357,1.3422601,1.636636,2.4287992,2.1827576,2.5756443,1.0318704,1.004662,0.9819991,0.9885838,1.3872402,0.57135886,0.5811818,0.53941995,1.0665191,0.95608395,1.0833576,1.2077105,0.23145258,-0.1630307,0.3577722,1.9861356,-2.1044338,-0.13680287,-0.15066734,0.13504352,-2.4195712,-2.2393045,-1.7835606,-2.0509698,-0.119926624,-0.28833294,-2.4599953,0.9477406,0.978783,0.967928,0.7773553,-2.3597834,2.0920868,0.0,0.0,-0.21812733,-0.31620568,-0.798329,-0.04459278,2.3117552,-1.2121755,1.6181595,1.01801,1.0590053,1.0069822,0.3000714,0.8184149,0.8639478,0.8163407,0.11006122,0.8358922,0.5336729,0.74370044,0.9266665
-0.97834444,0.8324829,0.78036904,0.6638089,0.84205365,1.0862057,0.8626732,0.9732286,0.9819991,1.0044216,0.24117737,0.1579207,0.29160342,0.23200679,0.7043832,0.8065586,0.7907948,-0.046481024,0.77074564,0.51989526,0.6937729,-1.972364,0.3355815,2.4724848,2.5442386,-2.6237507,0.48186,0.6456372,-0.94457537,0.65633684,2.3300457,2.3716035,1.9262753,0.9477406,0.978783,0.967928,1.6922622,1.1453892,-0.4795615,0.0,0.0,2.2574878,2.274387,2.8258317,-2.2949257,-0.860127,0.33553985,1.2467347,1.4125458,1.4477416,1.39868,0.8031104,0.33683294,0.32710594,0.31970397,0.11006122,1.1820186,1.3367563,1.107317,-0.80553365
-0.94367635,-0.2546474,-0.23053321,-0.16009298,-0.10104818,0.1370212,-0.3108109,0.39170945,0.41772506,0.4184259,0.5452895,-0.121429406,-0.021141218,-0.06358279,0.2715865,0.34602052,0.33569708,-0.798996,-0.5314492,-0.35241356,-0.35019895,-0.9827391,0.3355815,2.4724848,2.5442386,-2.6237507,-0.2434978,0.6456372,-0.94457537,0.65633684,2.3300457,2.3716035,1.0490211,0.41962796,0.45110735,0.44301233,1.6922622,0.82673717,-0.4795615,0.0,0.0,1.7623647,2.0388784,2.8258317,-2.107398,-0.5076956,-0.43831784,1.4324471,0.7729825,0.79984766,0.761633,-0.5054038,0.0068601,0.0029750036,-0.005367344,0.11006122,1.4091641,2.2736871,1.4536183,0.9266665
-0.857006,-1.5645959,-1.5644705,-1.6167676,-1.5465893,-1.4713367,-1.5176535,-1.00708,-1.0086343,-1.006969,-0.6532499,-1.0265237,-1.0172908,-1.021293,-1.0179709,-1.0116698,-1.0133425,-1.1752534,-1.5145893,-0.85731566,-1.9019116,-0.9827391,-0.4777569,1.167841,2.5442386,-2.6237507,-0.2434978,-0.31601006,-0.94457537,-0.24609877,2.3300457,2.3716035,1.0490211,-1.0326817,-1.0329804,-1.0333129,1.6922622,0.50808513,-0.4795615,0.0,0.0,1.7623647,1.80337,2.8258317,-1.9198703,-0.15526426,-0.43831784,1.4324471,-0.9754343,-0.96940136,-0.98163754,-1.5341641,-1.0365676,-1.0403215,-1.0347598,-0.76431465,-0.88392335,-0.73787576,-0.8666011,0.060566444
-3.1971047,-1.6333089,-1.632269,-1.6764232,-1.603207,-1.5330815,-1.6011219,-1.1642473,-1.165377,-1.1653461,-0.58955175,-1.1270899,-1.1331222,-1.1277053,-1.1592923,-1.1552141,-1.1514972,-1.1752534,-1.629838,-2.4158068,-2.4720168,-0.9827391,-0.4777569,1.167841,2.5442386,-2.6237507,-0.2434978,-0.31601006,-1.364068,-0.24609877,1.1050595,1.0416353,0.17176704,-1.1647099,-1.1648993,-1.1645418,1.4635354,0.18943305,0.3776546,0.0,0.0,1.2672417,1.5678616,2.8258317,-1.7323425,0.19716711,-0.43831784,1.4324471,-1.1664727,-1.1637696,-1.1667255,-1.6555762,-1.152504,-1.1517415,-1.1521467,-2.5130663,-1.1435182,-1.0948018,-1.1436422,-0.80553365
1.0497411,-1.6181301,-1.6195366,-1.7307225,-1.6445466,-1.5642465,-1.5796773,-1.1642473,-1.165377,-1.1653461,-0.84386015,-1.1270899,-1.1331222,-1.1277053,-1.1592923,-1.161195,-1.159624,-1.0498343,-1.5814129,-1.6078922,-2.2225614,0.0068858177,-0.4777569,1.167841,2.5442386,0.13504352,-0.9688556,-0.31601006,-1.364068,-0.24609877,1.1050595,1.0416353,0.17176704,-1.1647099,-1.1648993,-1.1645418,1.4635354,-0.12921901,0.3776546,0.0,0.0,1.2672417,1.3323532,1.0137513,-1.5448147,0.54959846,-0.43831784,1.4324471,-1.1706257,-1.1687534,-1.1710299,-1.6023434,-1.152504,-1.1517415,-1.1521467,2.7331889,-1.1543347,-1.0948018,-1.1436422,0.060566444
0.63372356,-0.4286484,-0.5275479,-0.737889,-0.5515069,-0.6330936,-0.29831856,0.2816923,0.3236794,0.32339957,-0.64161384,-0.1102554,0.0020250515,-0.02811204,0.3422472,0.2921914,0.32757035,-0.6735768,-0.14850983,0.16739452,-0.30286276,0.0068858177,-1.2910953,1.167841,-0.15066734,0.13504352,-0.9688556,-1.2776574,-1.364068,-1.1485343,1.1050595,1.0416353,0.17176704,0.35361388,0.35216817,0.37739787,1.4635354,-0.7665231,1.2348707,0.0,0.0,1.2672417,1.0968448,1.0137513,-1.3572869,0.9020298,-1.2121755,1.6181595,0.52795494,0.57557666,0.5378057,-0.1766388,0.122796506,0.16504048,0.12104928,0.98443705,1.3983476,2.4967659,1.384358,0.9266665
1.292418,0.5127885,0.28904417,0.023675937,0.51604974,0.056660548,1.256423,0.9732286,0.9819991,0.9885838,-2.2970865,0.3367048,0.4190179,0.3738898,0.84570456,0.7886156,0.8639355,0.07893813,1.6855725,2.0563924,1.1421353,0.99651074,-1.2910953,1.167841,-0.15066734,0.13504352,-1.6942135,-1.2776574,-1.364068,-1.1485343,1.1050595,1.0416353,-0.7054871,0.9477406,0.9458033,0.967928,1.2348088,-1.0851752,1.2348707,0.0,0.0,0.77211875,0.86133635,1.0137513,-1.1697593,1.2544612,-1.2121755,1.6181595,1.047081,1.1138271,1.0543302,1.5660214,0.85408765,0.8943351,0.8434299,0.11006122,0.7926264,0.66752017,0.62249494,0.9266665
0.30437636,0.57869387,0.4355744,0.26162446,0.50092274,0.27056634,0.9837764,0.9889453,0.99767333,1.0044216,-1.1450784,0.3814008,0.45376733,0.39753696,0.89870006,0.82450163,0.9289495,0.58061475,1.2698036,1.2721725,0.9598068,0.99651074,-1.2910953,-0.13680287,-0.15066734,0.13504352,-1.6942135,-1.2776574,-1.364068,-1.1485343,1.1050595,1.0416353,-0.7054871,0.98074764,0.978783,1.0007352,1.2348088,-1.4038273,1.2348707,0.0,0.0,0.77211875,0.62582797,1.0137513,-0.9822315,1.6068926,-1.2121755,1.6181595,1.051234,1.1287785,1.0543302,1.1918457,0.90759677,0.95510966,0.8885787,-0.76431465,0.7818099,0.48905718,0.6051799,0.9266665
0.9630708,0.65277237,0.65164256,0.16286714,0.1613826,0.4551927,0.4258404,0.9889453,0.99767333,0.9885838,1.008314,0.4149228,0.46535045,0.40936053,0.90753263,0.86038774,0.9289495,0.9568722,0.5027837,-0.17566185,0.6782228,0.99651074,-2.1044338,-0.13680287,-0.15066734,0.13504352,-1.6942135,-2.2393045,-1.364068,-2.0509698,1.1050595,1.0416353,-1.5827411,0.98074764,0.978783,1.0007352,1.2348088,-1.7224793,2.0920868,0.0,0.0,0.27699572,0.39031956,1.0137513,-0.7947037,1.6068926,-1.2121755,1.8038719,1.047081,1.0988756,1.0500259,0.55480814,0.90759677,0.94498056,0.8976085,-0.76431465,0.7818099,0.3998257,0.6571251,0.9266665
0.096367575,1.128982,1.2754781,1.2000537,1.0671229,1.5011015,0.66758347,1.004662,1.0133476,1.0044216,1.7220507,0.47079283,0.48851672,0.42118412,0.89870006,0.87833077,0.9370762,1.3331296,0.30758214,-0.57361025,0.48367366,1.9861356,-2.1044338,-0.13680287,-0.15066734,0.13504352,-2.4195712,-2.2393045,-1.7835606,-2.0509698,-0.119926624,-0.28833294,-1.5827411,0.98074764,0.978783,0.967928,1.006082,-2.0411315,2.0920868,0.0,0.0,0.27699572,0.15481113,1.0137513,-0.607176,1.9593239,-1.2121755,1.8038719,1.055387,1.0839243,1.0457215,0.378578,0.8986786,0.94498056,0.8885787,-0.76431465,0.80344284,0.48905718,0.7090703,0.9266665
-0.3716522,1.1986915,1.4447099,1.8771007,1.7087828,2.1449902,0.8739541,1.004662,0.99767333,1.0044216,1.3807014,0.42609683,0.44218418,0.38571337,0.95169556,0.87833077,0.9939634,1.0822914,0.2764792,-0.20139717,0.40128493,1.9861356,-2.1044338,-0.13680287,-0.15066734,0.13504352,-2.4195712,-2.2393045,-1.7835606,-2.0509698,-0.119926624,-0.28833294,-2.4599953,0.98074764,0.978783,0.967928,1.006082,-2.3597834,2.0920868,0.0,0.0,-0.21812733,-0.080697276,1.0137513,-0.23212051,2.3117552,-1.9860332,1.8038719,1.05954,1.1088433,1.0414171,0.34496617,0.8451695,0.8943351,0.8434299,0.11006122,0.82507575,0.5559808,0.7090703,0.9266665
