x,y,clay_0_30,temp_jan,rain_jan,pet_jan,cover_jan,cin_jan,temp_feb,rain_feb,pet_feb,cover_feb,cin_feb,temp_mar,rain_mar,pet_mar,cover_mar,cin_mar,temp_apr,rain_apr,pet_apr,cover_apr,cin_apr,temp_may,rain_may,pet_may,cover_may,cin_may,temp_jun,rain_jun,pet_jun,cover_jun,cin_jun,temp_jul,rain_jul,pet_jul,cover_jul,cin_jul,temp_aug,rain_aug,pet_aug,cover_aug,cin_aug,temp_sep,rain_sep,pet_sep,cover_sep,cin_sep,temp_oct,rain_oct,pet_oct,cover_oct,cin_oct,temp_nov,rain_nov,pet_nov,cover_nov,cin_nov,temp_dec,rain_dec,pet_dec,cover_dec,cin_dec
768941.6094531971,1457717.967011131,0.971486445,21.800000000000004,11.0,1131.0,0,0.355339,24.5,0.0,1419.0,0,0.355339,27.200000000000003,70.0,1685.0,0,0.355339,27.749999999999993,696.0,1524.0,0,0.355339,26.1,1545.0,1291.0,0,0.355339,24.750000000000007,639.0,1202.0,0,0.355339,23.550000000000004,1090.0,981.0,0,0.355339,23.800000000000004,2349.0,1030.0,0,0.355339,23.950000000000003,793.0,1029.0,0,0.355339,23.950000000000003,2104.0,1007.0,0,0.355339,22.550000000000004,279.0,966.0,0,0.355339,20.650000000000006,77.0,1089.0,0,0.355339
769191.7557263334,1457717.967011131,0.92994721,21.800000000000004,11.0,1131.0,0,0.46018523,24.5,0.0,1419.0,0,0.46018523,27.200000000000003,70.0,1685.0,0,0.46018523,27.749999999999993,696.0,1524.0,0,0.46018523,26.1,1545.0,1291.0,0,0.46018523,24.750000000000007,639.0,1202.0,0,0.46018523,23.550000000000004,1090.0,981.0,0,0.46018523,23.800000000000004,2349.0,1030.0,0,0.46018523,23.950000000000003,793.0,1029.0,0,0.46018523,23.950000000000003,2104.0,1007.0,0,0.46018523,22.550000000000004,279.0,966.0,0,0.46018523,20.650000000000006,77.0,1089.0,0,0.46018523
769441.9019994696,1457717.967011131,-1.09401055,21.800000000000004,11.0,1131.0,0,0.3340865,24.5,0.0,1419.0,0,0.3340865,27.200000000000003,70.0,1685.0,0,0.3340865,27.749999999999993,696.0,1524.0,0,0.3340865,26.1,1545.0,1291.0,0,0.3340865,24.750000000000007,639.0,1202.0,0,0.3340865,23.550000000000004,1090.0,981.0,0,0.3340865,23.800000000000004,2349.0,1030.0,0,0.3340865,23.950000000000003,793.0,1029.0,0,0.3340865,23.950000000000003,2104.0,1007.0,0,0.3340865,22.550000000000004,279.0,966.0,0,0.3340865,20.650000000000006,77.0,1089.0,0,0.3340865
769692.0482726059,1457717.967011131,-1.1603542166666665,21.800000000000004,11.0,1131.0,0,0.201297415,24.5,0.0,1419.0,0,0.201297415,27.200000000000003,70.0,1685.0,0,0.201297415,27.749999999999993,696.0,1524.0,0,0.201297415,26.1,1545.0,1291.0,0,0.201297415,24.750000000000007,639.0,1202.0,0,0.201297415,23.550000000000004,1090.0,981.0,0,0.201297415,23.800000000000004,2349.0,1030.0,0,0.201297415,23.950000000000003,793.0,1029.0,0,0.201297415,23.950000000000003,2104.0,1007.0,0,0.201297415,22.550000000000004,279.0,966.0,0,0.201297415,20.650000000000006,77.0,1089.0,0,0.201297415
769942.1945457421,1457717.967011131,-1.1603542166666665,21.800000000000004,11.0,1131.0,0,-0.0149290675,24.5,0.0,1419.0,0,-0.0149290675,27.200000000000003,70.0,1685.0,0,-0.0149290675,27.749999999999993,696.0,1524.0,0,-0.0149290675,26.1,1545.0,1291.0,0,-0.0149290675,24.750000000000007,639.0,1202.0,0,-0.0149290675,23.550000000000004,1090.0,981.0,0,-0.0149290675,23.800000000000004,2349.0,1030.0,0,-0.0149290675,23.950000000000003,793.0,1029.0,0,-0.0149290675,23.950000000000003,2104.0,1007.0,0,-0.0149290675,22.550000000000004,279.0,966.0,0,-0.0149290675,20.650000000000006,77.0,1089.0,0,-0.0149290675
770192.3408188784,1457717.967011131,-1.1603542166666665,21.800000000000004,11.0,1131.0,0,-0.013041703,24.5,0.0,1419.0,0,-0.013041703,27.200000000000003,70.0,1685.0,0,-0.013041703,27.749999999999993,696.0,1524.0,0,-0.013041703,26.1,1545.0,1291.0,0,-0.013041703,24.750000000000007,639.0,1202.0,0,-0.013041703,23.550000000000004,1090.0,981.0,0,-0.013041703,23.800000000000004,2349.0,1030.0,0,-0.013041703,23.950000000000003,793.0,1029.0,0,-0.013041703,23.950000000000003,2104.0,1007.0,0,-0.013041703,22.550000000000004,279.0,966.0,0,-0.013041703,20.650000000000006,77.0,1089.0,0,-0.013041703
770442.4870920145,1457717.967011131,-0.8979237383333333,21.800000000000004,11.0,1131.0,0,-0.1299607,24.5,0.0,1419.0,0,-0.1299607,27.200000000000003,70.0,1685.0,0,-0.1299607,27.749999999999993,696.0,1524.0,0,-0.1299607,26.1,1545.0,1291.0,0,-0.1299607,24.750000000000007,639.0,1202.0,0,-0.1299607,23.550000000000004,1090.0,981.0,0,-0.1299607,23.800000000000004,2349.0,1030.0,0,-0.1299607,23.950000000000003,793.0,1029.0,0,-0.1299607,23.950000000000003,2104.0,1007.0,0,-0.1299607,22.550000000000004,279.0,966.0,0,-0.1299607,20.650000000000006,77.0,1089.0,0,-0.1299607
770692.6333651508,1457717.967011131,0.79505,21.800000000000004,11.0,1131.0,0,0.0513844,24.5,0.0,1419.0,0,0.0513844,27.200000000000003,70.0,1685.0,0,0.0513844,27.749999999999993,696.0,1524.0,0,0.0513844,26.1,1545.0,1291.0,0,0.0513844,24.750000000000007,639.0,1202.0,0,0.0513844,23.550000000000004,1090.0,981.0,0,0.0513844,23.800000000000004,2349.0,1030.0,0,0.0513844,23.950000000000003,793.0,1029.0,0,0.0513844,23.950000000000003,2104.0,1007.0,0,0.0513844,22.550000000000004,279.0,966.0,0,0.0513844,20.650000000000006,77.0,1089.0,0,0.0513844
770942.779638287,1457717.967011131,0.91196854,21.800000000000004,11.0,1131.0,0,0.41016987,24.5,0.0,1419.0,0,0.41016987,27.200000000000003,70.0,1685.0,0,0.41016987,27.749999999999993,696.0,1524.0,0,0.41016987,26.1,1545.0,1291.0,0,0.41016987,24.750000000000007,639.0,1202.0,0,0.41016987,23.550000000000004,1090.0,981.0,0,0.41016987,23.800000000000004,2349.0,1030.0,0,0.41016987,23.950000000000003,793.0,1029.0,0,0.41016987,23.950000000000003,2104.0,1007.0,0,0.41016987,22.550000000000004,279.0,966.0,0,0.41016987,20.650000000000006,77.0,1089.0,0,0.41016987
771192.9259114233,1457717.967011131,0.92152107,21.85,11.0,1126.0,0,0.25788507,24.549999999999997,0.0,1424.0,0,0.25788507,27.200000000000003,68.0,1673.0,0,0.25788507,27.800000000000004,674.0,1526.0,0,0.25788507,26.1,1561.0,1290.0,0,0.25788507,24.750000000000007,631.0,1205.0,0,0.25788507,23.550000000000004,1081.0,980.0,0,0.25788507,23.800000000000004,2344.0,1029.0,0,0.25788507,23.950000000000003,798.0,1027.0,0,0.25788507,23.950000000000003,2094.0,1008.0,0,0.25788507,22.6,288.0,966.0,0,0.25788507,20.650000000000006,79.0,1088.0,0,0.25788507
771443.0721845595,1457717.967011131,0.93107358,21.85,11.0,1126.0,0,0.390268115,24.549999999999997,0.0,1424.0,0,0.390268115,27.200000000000003,68.0,1673.0,0,0.390268115,27.800000000000004,674.0,1526.0,0,0.390268115,26.1,1561.0,1290.0,0,0.390268115,24.750000000000007,631.0,1205.0,0,0.390268115,23.550000000000004,1081.0,980.0,0,0.390268115,23.800000000000004,2344.0,1029.0,0,0.390268115,23.950000000000003,798.0,1027.0,0,0.390268115,23.950000000000003,2094.0,1008.0,0,0.390268115,22.6,288.0,966.0,0,0.390268115,20.650000000000006,79.0,1088.0,0,0.390268115
768941.6094531971,1457458.5100826677,0.9494265283333332,21.800000000000004,11.0,1131.0,0,0.39455417,24.5,0.0,1419.0,0,0.39455417,27.200000000000003,70.0,1685.0,0,0.39455417,27.749999999999993,696.0,1524.0,0,0.39455417,26.1,1545.0,1291.0,0,0.39455417,24.750000000000007,639.0,1202.0,0,0.39455417,23.550000000000004,1090.0,981.0,0,0.39455417,23.800000000000004,2349.0,1030.0,0,0.39455417,23.950000000000003,793.0,1029.0,0,0.39455417,23.950000000000003,2104.0,1007.0,0,0.39455417,22.550000000000004,279.0,966.0,0,0.39455417,20.650000000000006,77.0,1089.0,0,0.39455417
769191.7557263334,1457458.5100826677,0.93534724,21.800000000000004,11.0,1131.0,0,0.4860027,24.5,0.0,1419.0,0,0.4860027,27.200000000000003,70.0,1685.0,0,0.4860027,27.749999999999993,696.0,1524.0,0,0.4860027,26.1,1545.0,1291.0,0,0.4860027,24.750000000000007,639.0,1202.0,0,0.4860027,23.550000000000004,1090.0,981.0,0,0.4860027,23.800000000000004,2349.0,1030.0,0,0.4860027,23.950000000000003,793.0,1029.0,0,0.4860027,23.950000000000003,2104.0,1007.0,0,0.4860027,22.550000000000004,279.0,966.0,0,0.4860027,20.650000000000006,77.0,1089.0,0,0.4860027
769441.9019994696,1457458.5100826677,-1.0709775833333337,21.800000000000004,11.0,1131.0,0,0.33764145,24.5,0.0,1419.0,0,0.33764145,27.200000000000003,70.0,1685.0,0,0.33764145,27.749999999999993,696.0,1524.0,0,0.33764145,26.1,1545.0,1291.0,0,0.33764145,24.750000000000007,639.0,1202.0,0,0.33764145,23.550000000000004,1090.0,981.0,0,0.33764145,23.800000000000004,2349.0,1030.0,0,0.33764145,23.950000000000003,793.0,1029.0,0,0.33764145,23.950000000000003,2104.0,1007.0,0,0.33764145,22.550000000000004,279.0,966.0,0,0.33764145,20.650000000000006,77.0,1089.0,0,0.33764145
769692.0482726059,1457458.5100826677,-1.1603542166666665,21.800000000000004,11.0,1131.0,0,-0.045551515,24.5,0.0,1419.0,0,-0.045551515,27.200000000000003,70.0,1685.0,0,-0.045551515,27.749999999999993,696.0,1524.0,0,-0.045551515,26.1,1545.0,1291.0,0,-0.045551515,24.750000000000007,639.0,1202.0,0,-0.045551515,23.550000000000004,1090.0,981.0,0,-0.045551515,23.800000000000004,2349.0,1030.0,0,-0.045551515,23.950000000000003,793.0,1029.0,0,-0.045551515,23.950000000000003,2104.0,1007.0,0,-0.045551515,22.550000000000004,279.0,966.0,0,-0.045551515,20.650000000000006,77.0,1089.0,0,-0.045551515
769942.1945457421,1457458.5100826677,-1.1603542166666665,21.800000000000004,11.0,1131.0,0,-0.33377095,24.5,0.0,1419.0,0,-0.33377095,27.200000000000003,70.0,1685.0,0,-0.33377095,27.749999999999993,696.0,1524.0,0,-0.33377095,26.1,1545.0,1291.0,0,-0.33377095,24.750000000000007,639.0,1202.0,0,-0.33377095,23.550000000000004,1090.0,981.0,0,-0.33377095,23.800000000000004,2349.0,1030.0,0,-0.33377095,23.950000000000003,793.0,1029.0,0,-0.33377095,23.950000000000003,2104.0,1007.0,0,-0.33377095,22.550000000000004,279.0,966.0,0,-0.33377095,20.650000000000006,77.0,1089.0,0,-0.33377095
770192.3408188784,1457458.5100826677,-1.1603542166666665,21.800000000000004,11.0,1131.0,0,-0.275830715,24.5,0.0,1419.0,0,-0.275830715,27.200000000000003,70.0,1685.0,0,-0.275830715,27.749999999999993,696.0,1524.0,0,-0.275830715,26.1,1545.0,1291.0,0,-0.275830715,24.750000000000007,639.0,1202.0,0,-0.275830715,23.550000000000004,1090.0,981.0,0,-0.275830715,23.800000000000004,2349.0,1030.0,0,-0.275830715,23.950000000000003,793.0,1029.0,0,-0.275830715,23.950000000000003,2104.0,1007.0,0,-0.275830715,22.550000000000004,279.0,966.0,0,-0.275830715,20.650000000000006,77.0,1089.0,0,-0.275830715
770442.4870920145,1457458.5100826677,-1.1430207,21.800000000000004,11.0,1131.0,0,-0.32762143,24.5,0.0,1419.0,0,-0.32762143,27.200000000000003,70.0,1685.0,0,-0.32762143,27.749999999999993,696.0,1524.0,0,-0.32762143,26.1,1545.0,1291.0,0,-0.32762143,24.750000000000007,639.0,1202.0,0,-0.32762143,23.550000000000004,1090.0,981.0,0,-0.32762143,23.800000000000004,2349.0,1030.0,0,-0.32762143,23.950000000000003,793.0,1029.0,0,-0.32762143,23.950000000000003,2104.0,1007.0,0,-0.32762143,22.550000000000004,279.0,966.0,0,-0.32762143,20.650000000000006,77.0,1089.0,0,-0.32762143
770692.6333651508,1457458.5100826677,-1.052171966666667,21.800000000000004,11.0,1131.0,0,-0.184788035,24.5,0.0,1419.0,0,-0.184788035,27.200000000000003,70.0,1685.0,0,-0.184788035,27.749999999999993,696.0,1524.0,0,-0.184788035,26.1,1545.0,1291.0,0,-0.184788035,24.750000000000007,639.0,1202.0,0,-0.184788035,23.550000000000004,1090.0,981.0,0,-0.184788035,23.800000000000004,2349.0,1030.0,0,-0.184788035,23.950000000000003,793.0,1029.0,0,-0.184788035,23.950000000000003,2104.0,1007.0,0,-0.184788035,22.550000000000004,279.0,966.0,0,-0.184788035,20.650000000000006,77.0,1089.0,0,-0.184788035
770942.779638287,1457458.5100826677,-0.7406850016666666,21.800000000000004,11.0,1131.0,0,0.28817633,24.5,0.0,1419.0,0,0.28817633,27.200000000000003,70.0,1685.0,0,0.28817633,27.749999999999993,696.0,1524.0,0,0.28817633,26.1,1545.0,1291.0,0,0.28817633,24.750000000000007,639.0,1202.0,0,0.28817633,23.550000000000004,1090.0,981.0,0,0.28817633,23.800000000000004,2349.0,1030.0,0,0.28817633,23.950000000000003,793.0,1029.0,0,0.28817633,23.950000000000003,2104.0,1007.0,0,0.28817633,22.550000000000004,279.0,966.0,0,0.28817633,20.650000000000006,77.0,1089.0,0,0.28817633
771192.9259114233,1457458.5100826677,0.7936242366666666,21.85,11.0,1126.0,0,0.333719135,24.549999999999997,0.0,1424.0,0,0.333719135,27.200000000000003,68.0,1673.0,0,0.333719135,27.800000000000004,674.0,1526.0,0,0.333719135,26.1,1561.0,1290.0,0,0.333719135,24.750000000000007,631.0,1205.0,0,0.333719135,23.550000000000004,1081.0,980.0,0,0.333719135,23.800000000000004,2344.0,1029.0,0,0.333719135,23.950000000000003,798.0,1027.0,0,0.333719135,23.950000000000003,2094.0,1008.0,0,0.333719135,22.6,288.0,966.0,0,0.333719135,20.650000000000006,79.0,1088.0,0,0.333719135
771443.0721845595,1457458.5100826677,0.8928813149999999,21.85,11.0,1126.0,0,0.4932327,24.549999999999997,0.0,1424.0,0,0.4932327,27.200000000000003,68.0,1673.0,0,0.4932327,27.800000000000004,674.0,1526.0,0,0.4932327,26.1,1561.0,1290.0,0,0.4932327,24.750000000000007,631.0,1205.0,0,0.4932327,23.550000000000004,1081.0,980.0,0,0.4932327,23.800000000000004,2344.0,1029.0,0,0.4932327,23.950000000000003,798.0,1027.0,0,0.4932327,23.950000000000003,2094.0,1008.0,0,0.4932327,22.6,288.0,966.0,0,0.4932327,20.650000000000006,79.0,1088.0,0,0.4932327
768941.6094531971,1457199.0531542036,0.90184215,21.800000000000004,11.0,1131.0,0,0.31915787,24.5,0.0,1419.0,0,0.31915787,27.200000000000003,70.0,1685.0,0,0.31915787,27.749999999999993,696.0,1524.0,0,0.31915787,26.1,1545.0,1291.0,0,0.31915787,24.750000000000007,639.0,1202.0,0,0.31915787,23.550000000000004,1090.0,981.0,0,0.31915787,23.800000000000004,2349.0,1030.0,0,0.31915787,23.950000000000003,793.0,1029.0,0,0.31915787,23.950000000000003,2104.0,1007.0,0,0.31915787,22.550000000000004,279.0,966.0,0,0.31915787,20.650000000000006,77.0,1089.0,0,0.31915787
769191.7557263334,1457199.0531542036,0.92808311,21.800000000000004,11.0,1131.0,0,0.370786575,24.5,0.0,1419.0,0,0.370786575,27.200000000000003,70.0,1685.0,0,0.370786575,27.749999999999993,696.0,1524.0,0,0.370786575,26.1,1545.0,1291.0,0,0.370786575,24.750000000000007,639.0,1202.0,0,0.370786575,23.550000000000004,1090.0,981.0,0,0.370786575,23.800000000000004,2349.0,1030.0,0,0.370786575,23.950000000000003,793.0,1029.0,0,0.370786575,23.950000000000003,2104.0,1007.0,0,0.370786575,22.550000000000004,279.0,966.0,0,0.370786575,20.650000000000006,77.0,1089.0,0,0.370786575
769441.9019994696,1457199.0531542036,0.6821235416666667,21.800000000000004,11.0,1131.0,0,0.3722541,24.5,0.0,1419.0,0,0.3722541,27.200000000000003,70.0,1685.0,0,0.3722541,27.749999999999993,696.0,1524.0,0,0.3722541,26.1,1545.0,1291.0,0,0.3722541,24.750000000000007,639.0,1202.0,0,0.3722541,23.550000000000004,1090.0,981.0,0,0.3722541,23.800000000000004,2349.0,1030.0,0,0.3722541,23.950000000000003,793.0,1029.0,0,0.3722541,23.950000000000003,2104.0,1007.0,0,0.3722541,22.550000000000004,279.0,966.0,0,0.3722541,20.650000000000006,77.0,1089.0,0,0.3722541
769692.0482726059,1457199.0531542036,-1.0883111666666667,21.800000000000004,11.0,1131.0,0,0.07521481,24.5,0.0,1419.0,0,0.07521481,27.200000000000003,70.0,1685.0,0,0.07521481,27.749999999999993,696.0,1524.0,0,0.07521481,26.1,1545.0,1291.0,0,0.07521481,24.750000000000007,639.0,1202.0,0,0.07521481,23.550000000000004,1090.0,981.0,0,0.07521481,23.800000000000004,2349.0,1030.0,0,0.07521481,23.950000000000003,793.0,1029.0,0,0.07521481,23.950000000000003,2104.0,1007.0,0,0.07521481,22.550000000000004,279.0,966.0,0,0.07521481,20.650000000000006,77.0,1089.0,0,0.07521481
769942.1945457421,1457199.0531542036,-1.1603542166666665,21.800000000000004,11.0,1131.0,0,-0.46707168,24.5,0.0,1419.0,0,-0.46707168,27.200000000000003,70.0,1685.0,0,-0.46707168,27.749999999999993,696.0,1524.0,0,-0.46707168,26.1,1545.0,1291.0,0,-0.46707168,24.750000000000007,639.0,1202.0,0,-0.46707168,23.550000000000004,1090.0,981.0,0,-0.46707168,23.800000000000004,2349.0,1030.0,0,-0.46707168,23.950000000000003,793.0,1029.0,0,-0.46707168,23.950000000000003,2104.0,1007.0,0,-0.46707168,22.550000000000004,279.0,966.0,0,-0.46707168,20.650000000000006,77.0,1089.0,0,-0.46707168
770192.3408188784,1457199.0531542036,-1.1603542166666665,21.800000000000004,11.0,1131.0,0,-0.4392818,24.5,0.0,1419.0,0,-0.4392818,27.200000000000003,70.0,1685.0,0,-0.4392818,27.749999999999993,696.0,1524.0,0,-0.4392818,26.1,1545.0,1291.0,0,-0.4392818,24.750000000000007,639.0,1202.0,0,-0.4392818,23.550000000000004,1090.0,981.0,0,-0.4392818,23.800000000000004,2349.0,1030.0,0,-0.4392818,23.950000000000003,793.0,1029.0,0,-0.4392818,23.950000000000003,2104.0,1007.0,0,-0.4392818,22.550000000000004,279.0,966.0,0,-0.4392818,20.650000000000006,77.0,1089.0,0,-0.4392818
770442.4870920145,1457199.0531542036,-1.1603542166666665,21.800000000000004,11.0,1131.0,0,-0.385350675,24.5,0.0,1419.0,0,-0.385350675,27.200000000000003,70.0,1685.0,0,-0.385350675,27.749999999999993,696.0,1524.0,0,-0.385350675,26.1,1545.0,1291.0,0,-0.385350675,24.750000000000007,639.0,1202.0,0,-0.385350675,23.550000000000004,1090.0,981.0,0,-0.385350675,23.800000000000004,2349.0,1030.0,0,-0.385350675,23.950000000000003,793.0,1029.0,0,-0.385350675,23.950000000000003,2104.0,1007.0,0,-0.385350675,22.550000000000004,279.0,966.0,0,-0.385350675,20.650000000000006,77.0,1089.0,0,-0.385350675
770692.6333651508,1457199.0531542036,-0.9050952233333334,21.800000000000004,11.0,1131.0,0,0.007243844,24.5,0.0,1419.0,0,0.007243844,27.200000000000003,70.0,1685.0,0,0.007243844,27.749999999999993,696.0,1524.0,0,0.007243844,26.1,1545.0,1291.0,0,0.007243844,24.750000000000007,639.0,1202.0,0,0.007243844,23.550000000000004,1090.0,981.0,0,0.007243844,23.800000000000004,2349.0,1030.0,0,0.007243844,23.950000000000003,793.0,1029.0,0,0.007243844,23.950000000000003,2104.0,1007.0,0,0.007243844,22.550000000000004,279.0,966.0,0,0.007243844,20.650000000000006,77.0,1089.0,0,0.007243844
770942.779638287,1457199.0531542036,0.7809885666666666,21.800000000000004,11.0,1131.0,0,0.26774758,24.5,0.0,1419.0,0,0.26774758,27.200000000000003,70.0,1685.0,0,0.26774758,27.749999999999993,696.0,1524.0,0,0.26774758,26.1,1545.0,1291.0,0,0.26774758,24.750000000000007,639.0,1202.0,0,0.26774758,23.550000000000004,1090.0,981.0,0,0.26774758,23.800000000000004,2349.0,1030.0,0,0.26774758,23.950000000000003,793.0,1029.0,0,0.26774758,23.950000000000003,2104.0,1007.0,0,0.26774758,22.550000000000004,279.0,966.0,0,0.26774758,20.650000000000006,77.0,1089.0,0,0.26774758
771192.9259114233,1457199.0531542036,0.9695759666666668,21.85,11.0,1126.0,0,0.3664646,24.549999999999997,0.0,1424.0,0,0.3664646,27.200000000000003,68.0,1673.0,0,0.3664646,27.800000000000004,674.0,1526.0,0,0.3664646,26.1,1561.0,1290.0,0,0.3664646,24.750000000000007,631.0,1205.0,0,0.3664646,23.550000000000004,1081.0,980.0,0,0.3664646,23.800000000000004,2344.0,1029.0,0,0.3664646,23.950000000000003,798.0,1027.0,0,0.3664646,23.950000000000003,2094.0,1008.0,0,0.3664646,22.6,288.0,966.0,0,0.3664646,20.650000000000006,79.0,1088.0,0,0.3664646
771443.0721845595,1457199.0531542036,0.9388083166666666,21.85,11.0,1126.0,0,0.433783085,24.549999999999997,0.0,1424.0,0,0.433783085,27.200000000000003,68.0,1673.0,0,0.433783085,27.800000000000004,674.0,1526.0,0,0.433783085,26.1,1561.0,1290.0,0,0.433783085,24.750000000000007,631.0,1205.0,0,0.433783085,23.550000000000004,1081.0,980.0,0,0.433783085,23.800000000000004,2344.0,1029.0,0,0.433783085,23.950000000000003,798.0,1027.0,0,0.433783085,23.950000000000003,2094.0,1008.0,0,0.433783085,22.6,288.0,966.0,0,0.433783085,20.650000000000006,79.0,1088.0,0,0.433783085
768941.6094531971,1456939.5962257397,0.92216622,21.800000000000004,11.0,1131.0,0,0.31218478,24.5,0.0,1419.0,0,0.31218478,27.200000000000003,70.0,1685.0,0,0.31218478,27.749999999999993,696.0,1524.0,0,0.31218478,26.1,1545.0,1291.0,0,0.31218478,24.750000000000007,639.0,1202.0,0,0.31218478,23.550000000000004,1090.0,981.0,0,0.31218478,23.800000000000004,2349.0,1030.0,0,0.31218478,23.950000000000003,793.0,1029.0,0,0.31218478,23.950000000000003,2104.0,1007.0,0,0.31218478,22.550000000000004,279.0,966.0,0,0.31218478,20.650000000000006,77.0,1089.0,0,0.31218478
769191.7557263334,1456939.5962257397,0.92808311,21.800000000000004,11.0,1131.0,0,0.341431915,24.5,0.0,1419.0,0,0.341431915,27.200000000000003,70.0,1685.0,0,0.341431915,27.749999999999993,696.0,1524.0,0,0.341431915,26.1,1545.0,1291.0,0,0.341431915,24.750000000000007,639.0,1202.0,0,0.341431915,23.550000000000004,1090.0,981.0,0,0.341431915,23.800000000000004,2349.0,1030.0,0,0.341431915,23.950000000000003,793.0,1029.0,0,0.341431915,23.950000000000003,2104.0,1007.0,0,0.341431915,22.550000000000004,279.0,966.0,0,0.341431915,20.650000000000006,77.0,1089.0,0,0.341431915
769441.9019994696,1456939.5962257397,0.9523065566666666,21.800000000000004,11.0,1131.0,0,0.31605165,24.5,0.0,1419.0,0,0.31605165,27.200000000000003,70.0,1685.0,0,0.31605165,27.749999999999993,696.0,1524.0,0,0.31605165,26.1,1545.0,1291.0,0,0.31605165,24.750000000000007,639.0,1202.0,0,0.31605165,23.550000000000004,1090.0,981.0,0,0.31605165,23.800000000000004,2349.0,1030.0,0,0.31605165,23.950000000000003,793.0,1029.0,0,0.31605165,23.950000000000003,2104.0,1007.0,0,0.31605165,22.550000000000004,279.0,966.0,0,0.31605165,20.650000000000006,77.0,1089.0,0,0.31605165
769692.0482726059,1456939.5962257397,-1.0781491166666666,21.800000000000004,11.0,1131.0,0,-0.14596063,24.5,0.0,1419.0,0,-0.14596063,27.200000000000003,70.0,1685.0,0,-0.14596063,27.749999999999993,696.0,1524.0,0,-0.14596063,26.1,1545.0,1291.0,0,-0.14596063,24.750000000000007,639.0,1202.0,0,-0.14596063,23.550000000000004,1090.0,981.0,0,-0.14596063,23.800000000000004,2349.0,1030.0,0,-0.14596063,23.950000000000003,793.0,1029.0,0,-0.14596063,23.950000000000003,2104.0,1007.0,0,-0.14596063,22.550000000000004,279.0,966.0,0,-0.14596063,20.650000000000006,77.0,1089.0,0,-0.14596063
769942.1945457421,1456939.5962257397,-1.1603542166666665,21.800000000000004,11.0,1131.0,0,-0.63692075,24.5,0.0,1419.0,0,-0.63692075,27.200000000000003,70.0,1685.0,0,-0.63692075,27.749999999999993,696.0,1524.0,0,-0.63692075,26.1,1545.0,1291.0,0,-0.63692075,24.750000000000007,639.0,1202.0,0,-0.63692075,23.550000000000004,1090.0,981.0,0,-0.63692075,23.800000000000004,2349.0,1030.0,0,-0.63692075,23.950000000000003,793.0,1029.0,0,-0.63692075,23.950000000000003,2104.0,1007.0,0,-0.63692075,22.550000000000004,279.0,966.0,0,-0.63692075,20.650000000000006,77.0,1089.0,0,-0.63692075
770192.3408188784,1456939.5962257397,-1.1603542166666665,21.800000000000004,11.0,1131.0,0,-0.59784255,24.5,0.0,1419.0,0,-0.59784255,27.200000000000003,70.0,1685.0,0,-0.59784255,27.749999999999993,696.0,1524.0,0,-0.59784255,26.1,1545.0,1291.0,0,-0.59784255,24.750000000000007,639.0,1202.0,0,-0.59784255,23.550000000000004,1090.0,981.0,0,-0.59784255,23.800000000000004,2349.0,1030.0,0,-0.59784255,23.950000000000003,793.0,1029.0,0,-0.59784255,23.950000000000003,2104.0,1007.0,0,-0.59784255,22.550000000000004,279.0,966.0,0,-0.59784255,20.650000000000006,77.0,1089.0,0,-0.59784255
770442.4870920145,1456939.5962257397,-1.1501922,21.800000000000004,11.0,1131.0,0,-0.32634303,24.5,0.0,1419.0,0,-0.32634303,27.200000000000003,70.0,1685.0,0,-0.32634303,27.749999999999993,696.0,1524.0,0,-0.32634303,26.1,1545.0,1291.0,0,-0.32634303,24.750000000000007,639.0,1202.0,0,-0.32634303,23.550000000000004,1090.0,981.0,0,-0.32634303,23.800000000000004,2349.0,1030.0,0,-0.32634303,23.950000000000003,793.0,1029.0,0,-0.32634303,23.950000000000003,2104.0,1007.0,0,-0.32634303,22.550000000000004,279.0,966.0,0,-0.32634303,20.650000000000006,77.0,1089.0,0,-0.32634303
770692.6333651508,1456939.5962257397,-0.804084455,21.800000000000004,11.0,1131.0,0,0.29532647,24.5,0.0,1419.0,0,0.29532647,27.200000000000003,70.0,1685.0,0,0.29532647,27.749999999999993,696.0,1524.0,0,0.29532647,26.1,1545.0,1291.0,0,0.29532647,24.750000000000007,639.0,1202.0,0,0.29532647,23.550000000000004,1090.0,981.0,0,0.29532647,23.800000000000004,2349.0,1030.0,0,0.29532647,23.950000000000003,793.0,1029.0,0,0.29532647,23.950000000000003,2104.0,1007.0,0,0.29532647,22.550000000000004,279.0,966.0,0,0.29532647,20.650000000000006,77.0,1089.0,0,0.29532647
770942.779638287,1456939.5962257397,0.8966702766666667,21.800000000000004,11.0,1131.0,0,0.337482335,24.5,0.0,1419.0,0,0.337482335,27.200000000000003,70.0,1685.0,0,0.337482335,27.749999999999993,696.0,1524.0,0,0.337482335,26.1,1545.0,1291.0,0,0.337482335,24.750000000000007,639.0,1202.0,0,0.337482335,23.550000000000004,1090.0,981.0,0,0.337482335,23.800000000000004,2349.0,1030.0,0,0.337482335,23.950000000000003,793.0,1029.0,0,0.337482335,23.950000000000003,2104.0,1007.0,0,0.337482335,22.550000000000004,279.0,966.0,0,0.337482335,20.650000000000006,77.0,1089.0,0,0.337482335
771192.9259114233,1456939.5962257397,0.99408105,21.85,11.0,1126.0,0,0.42263015,24.549999999999997,0.0,1424.0,0,0.42263015,27.200000000000003,68.0,1673.0,0,0.42263015,27.800000000000004,674.0,1526.0,0,0.42263015,26.1,1561.0,1290.0,0,0.42263015,24.750000000000007,631.0,1205.0,0,0.42263015,23.550000000000004,1081.0,980.0,0,0.42263015,23.800000000000004,2344.0,1029.0,0,0.42263015,23.950000000000003,798.0,1027.0,0,0.42263015,23.950000000000003,2094.0,1008.0,0,0.42263015,22.6,288.0,966.0,0,0.42263015,20.650000000000006,79.0,1088.0,0,0.42263015
771443.0721845595,1456939.5962257397,0.9620765666666666,21.85,11.0,1126.0,0,0.42829633,24.549999999999997,0.0,1424.0,0,0.42829633,27.200000000000003,68.0,1673.0,0,0.42829633,27.800000000000004,674.0,1526.0,0,0.42829633,26.1,1561.0,1290.0,0,0.42829633,24.750000000000007,631.0,1205.0,0,0.42829633,23.550000000000004,1081.0,980.0,0,0.42829633,23.800000000000004,2344.0,1029.0,0,0.42829633,23.950000000000003,798.0,1027.0,0,0.42829633,23.950000000000003,2094.0,1008.0,0,0.42829633,22.6,288.0,966.0,0,0.42829633,20.650000000000006,79.0,1088.0,0,0.42829633
768941.6094531971,1456680.1392972758,0.94667125,21.900000000000006,11.0,1128.0,0,0.32508403,24.549999999999997,0.0,1422.0,0,0.32508403,27.25,70.0,1672.0,0,0.32508403,27.749999999999993,710.0,1523.0,0,0.32508403,26.15,1524.0,1289.0,0,0.32508403,24.800000000000004,658.0,1201.0,0,0.32508403,23.550000000000004,1096.0,978.0,0,0.32508403,23.800000000000004,2350.0,1027.0,0,0.32508403,24.0,818.0,1030.0,0,0.32508403,24.0,2099.0,1011.0,0,0.32508403,22.65,283.0,970.0,0,0.32508403,20.75,78.0,1092.0,0,0.32508403
769191.7557263334,1456680.1392972758,0.9995630166666668,21.900000000000006,11.0,1128.0,0,0.3211542,24.549999999999997,0.0,1422.0,0,0.3211542,27.25,70.0,1672.0,0,0.3211542,27.749999999999993,710.0,1523.0,0,0.3211542,26.15,1524.0,1289.0,0,0.3211542,24.800000000000004,658.0,1201.0,0,0.3211542,23.550000000000004,1096.0,978.0,0,0.3211542,23.800000000000004,2350.0,1027.0,0,0.3211542,24.0,818.0,1030.0,0,0.3211542,24.0,2099.0,1011.0,0,0.3211542,22.65,283.0,970.0,0,0.3211542,20.75,78.0,1092.0,0,0.3211542
769441.9019994696,1456680.1392972758,0.8411337500000001,21.900000000000006,11.0,1128.0,0,0.2714529,24.549999999999997,0.0,1422.0,0,0.2714529,27.25,70.0,1672.0,0,0.2714529,27.749999999999993,710.0,1523.0,0,0.2714529,26.15,1524.0,1289.0,0,0.2714529,24.800000000000004,658.0,1201.0,0,0.2714529,23.550000000000004,1096.0,978.0,0,0.2714529,23.800000000000004,2350.0,1027.0,0,0.2714529,24.0,818.0,1030.0,0,0.2714529,24.0,2099.0,1011.0,0,0.2714529,22.65,283.0,970.0,0,0.2714529,20.75,78.0,1092.0,0,0.2714529
769692.0482726059,1456680.1392972758,-1.0811396166666667,21.900000000000006,11.0,1128.0,0,-0.41001975,24.549999999999997,0.0,1422.0,0,-0.41001975,27.25,70.0,1672.0,0,-0.41001975,27.749999999999993,710.0,1523.0,0,-0.41001975,26.15,1524.0,1289.0,0,-0.41001975,24.800000000000004,658.0,1201.0,0,-0.41001975,23.550000000000004,1096.0,978.0,0,-0.41001975,23.800000000000004,2350.0,1027.0,0,-0.41001975,24.0,818.0,1030.0,0,-0.41001975,24.0,2099.0,1011.0,0,-0.41001975,22.65,283.0,970.0,0,-0.41001975,20.75,78.0,1092.0,0,-0.41001975
769942.1945457421,1456680.1392972758,-1.1603542166666665,21.900000000000006,11.0,1128.0,0,-0.80299,24.549999999999997,0.0,1422.0,0,-0.80299,27.25,70.0,1672.0,0,-0.80299,27.749999999999993,710.0,1523.0,0,-0.80299,26.15,1524.0,1289.0,0,-0.80299,24.800000000000004,658.0,1201.0,0,-0.80299,23.550000000000004,1096.0,978.0,0,-0.80299,23.800000000000004,2350.0,1027.0,0,-0.80299,24.0,818.0,1030.0,0,-0.80299,24.0,2099.0,1011.0,0,-0.80299,22.65,283.0,970.0,0,-0.80299,20.75,78.0,1092.0,0,-0.80299
770192.3408188784,1456680.1392972758,-1.1501922,21.900000000000006,11.0,1128.0,0,-0.71673715,24.549999999999997,0.0,1422.0,0,-0.71673715,27.25,70.0,1672.0,0,-0.71673715,27.749999999999993,710.0,1523.0,0,-0.71673715,26.15,1524.0,1289.0,0,-0.71673715,24.800000000000004,658.0,1201.0,0,-0.71673715,23.550000000000004,1096.0,978.0,0,-0.71673715,23.800000000000004,2350.0,1027.0,0,-0.71673715,24.0,818.0,1030.0,0,-0.71673715,24.0,2099.0,1011.0,0,-0.71673715,22.65,283.0,970.0,0,-0.71673715,20.75,78.0,1092.0,0,-0.71673715
770442.4870920145,1456680.1392972758,-0.84146049,21.900000000000006,11.0,1128.0,0,-0.26200625,24.549999999999997,0.0,1422.0,0,-0.26200625,27.25,70.0,1672.0,0,-0.26200625,27.749999999999993,710.0,1523.0,0,-0.26200625,26.15,1524.0,1289.0,0,-0.26200625,24.800000000000004,658.0,1201.0,0,-0.26200625,23.550000000000004,1096.0,978.0,0,-0.26200625,23.800000000000004,2350.0,1027.0,0,-0.26200625,24.0,818.0,1030.0,0,-0.26200625,24.0,2099.0,1011.0,0,-0.26200625,22.65,283.0,970.0,0,-0.26200625,20.75,78.0,1092.0,0,-0.26200625
770692.6333651508,1456680.1392972758,0.7342953083333333,21.900000000000006,11.0,1128.0,0,0.3916907,24.549999999999997,0.0,1422.0,0,0.3916907,27.25,70.0,1672.0,0,0.3916907,27.749999999999993,710.0,1523.0,0,0.3916907,26.15,1524.0,1289.0,0,0.3916907,24.800000000000004,658.0,1201.0,0,0.3916907,23.550000000000004,1096.0,978.0,0,0.3916907,23.800000000000004,2350.0,1027.0,0,0.3916907,24.0,818.0,1030.0,0,0.3916907,24.0,2099.0,1011.0,0,0.3916907,22.65,283.0,970.0,0,0.3916907,20.75,78.0,1092.0,0,0.3916907
770942.779638287,1456680.1392972758,1.0533458,21.900000000000006,11.0,1128.0,0,0.4639666,24.549999999999997,0.0,1422.0,0,0.4639666,27.25,70.0,1672.0,0,0.4639666,27.749999999999993,710.0,1523.0,0,0.4639666,26.15,1524.0,1289.0,0,0.4639666,24.800000000000004,658.0,1201.0,0,0.4639666,23.550000000000004,1096.0,978.0,0,0.4639666,23.800000000000004,2350.0,1027.0,0,0.4639666,24.0,818.0,1030.0,0,0.4639666,24.0,2099.0,1011.0,0,0.4639666,22.65,283.0,970.0,0,0.4639666,20.75,78.0,1092.0,0,0.4639666
771192.9259114233,1456680.1392972758,1.0614262333333335,21.800000000000004,11.0,1130.0,0,0.4744381,24.449999999999996,0.0,1420.0,0,0.4744381,27.150000000000006,68.0,1669.0,0,0.4744381,27.65,704.0,1530.0,0,0.4744381,26.0,1543.0,1283.0,0,0.4744381,24.699999999999996,638.0,1195.0,0,0.4744381,23.450000000000003,1088.0,971.0,0,0.4744381,23.700000000000003,2328.0,1021.0,0,0.4744381,23.900000000000006,823.0,1022.0,0,0.4744381,23.950000000000003,2095.0,1008.0,0,0.4744381,22.6,299.0,967.0,0,0.4744381,20.650000000000006,85.0,1088.0,0,0.4744381
771443.0721845595,1456680.1392972758,1.0404926833333334,21.800000000000004,11.0,1130.0,0,0.43111485,24.449999999999996,0.0,1420.0,0,0.43111485,27.150000000000006,68.0,1669.0,0,0.43111485,27.65,704.0,1530.0,0,0.43111485,26.0,1543.0,1283.0,0,0.43111485,24.699999999999996,638.0,1195.0,0,0.43111485,23.450000000000003,1088.0,971.0,0,0.43111485,23.700000000000003,2328.0,1021.0,0,0.43111485,23.900000000000006,823.0,1022.0,0,0.43111485,23.950000000000003,2095.0,1008.0,0,0.43111485,22.6,299.0,967.0,0,0.43111485,20.650000000000006,85.0,1088.0,0,0.43111485
768941.6094531971,1456420.682368812,0.909248945,21.900000000000006,11.0,1128.0,0,0.48801255,24.549999999999997,0.0,1422.0,0,0.48801255,27.25,70.0,1672.0,0,0.48801255,27.749999999999993,710.0,1523.0,0,0.48801255,26.15,1524.0,1289.0,0,0.48801255,24.800000000000004,658.0,1201.0,0,0.48801255,23.550000000000004,1096.0,978.0,0,0.48801255,23.800000000000004,2350.0,1027.0,0,0.48801255,24.0,818.0,1030.0,0,0.48801255,24.0,2099.0,1011.0,0,0.48801255,22.65,283.0,970.0,0,0.48801255,20.75,78.0,1092.0,0,0.48801255
769191.7557263334,1456420.682368812,0.98365525,21.900000000000006,11.0,1128.0,0,0.457892715,24.549999999999997,0.0,1422.0,0,0.457892715,27.25,70.0,1672.0,0,0.457892715,27.749999999999993,710.0,1523.0,0,0.457892715,26.15,1524.0,1289.0,0,0.457892715,24.800000000000004,658.0,1201.0,0,0.457892715,23.550000000000004,1096.0,978.0,0,0.457892715,23.800000000000004,2350.0,1027.0,0,0.457892715,24.0,818.0,1030.0,0,0.457892715,24.0,2099.0,1011.0,0,0.457892715,22.65,283.0,970.0,0,0.457892715,20.75,78.0,1092.0,0,0.457892715
769441.9019994696,1456420.682368812,-0.7843236,21.900000000000006,11.0,1128.0,0,0.3522596,24.549999999999997,0.0,1422.0,0,0.3522596,27.25,70.0,1672.0,0,0.3522596,27.749999999999993,710.0,1523.0,0,0.3522596,26.15,1524.0,1289.0,0,0.3522596,24.800000000000004,658.0,1201.0,0,0.3522596,23.550000000000004,1096.0,978.0,0,0.3522596,23.800000000000004,2350.0,1027.0,0,0.3522596,24.0,818.0,1030.0,0,0.3522596,24.0,2099.0,1011.0,0,0.3522596,22.65,283.0,970.0,0,0.3522596,20.75,78.0,1092.0,0,0.3522596
769692.0482726059,1456420.682368812,-1.1474833,21.900000000000006,11.0,1128.0,0,-0.33289725,24.549999999999997,0.0,1422.0,0,-0.33289725,27.25,70.0,1672.0,0,-0.33289725,27.749999999999993,710.0,1523.0,0,-0.33289725,26.15,1524.0,1289.0,0,-0.33289725,24.800000000000004,658.0,1201.0,0,-0.33289725,23.550000000000004,1096.0,978.0,0,-0.33289725,23.800000000000004,2350.0,1027.0,0,-0.33289725,24.0,818.0,1030.0,0,-0.33289725,24.0,2099.0,1011.0,0,-0.33289725,22.65,283.0,970.0,0,-0.33289725,20.75,78.0,1092.0,0,-0.33289725
769942.1945457421,1456420.682368812,-1.1603542166666665,21.900000000000006,11.0,1128.0,0,-0.8254117,24.549999999999997,0.0,1422.0,0,-0.8254117,27.25,70.0,1672.0,0,-0.8254117,27.749999999999993,710.0,1523.0,0,-0.8254117,26.15,1524.0,1289.0,0,-0.8254117,24.800000000000004,658.0,1201.0,0,-0.8254117,23.550000000000004,1096.0,978.0,0,-0.8254117,23.800000000000004,2350.0,1027.0,0,-0.8254117,24.0,818.0,1030.0,0,-0.8254117,24.0,2099.0,1011.0,0,-0.8254117,22.65,283.0,970.0,0,-0.8254117,20.75,78.0,1092.0,0,-0.8254117
770192.3408188784,1456420.682368812,-1.0593435,21.900000000000006,11.0,1128.0,0,-0.7742977,24.549999999999997,0.0,1422.0,0,-0.7742977,27.25,70.0,1672.0,0,-0.7742977,27.749999999999993,710.0,1523.0,0,-0.7742977,26.15,1524.0,1289.0,0,-0.7742977,24.800000000000004,658.0,1201.0,0,-0.7742977,23.550000000000004,1096.0,978.0,0,-0.7742977,23.800000000000004,2350.0,1027.0,0,-0.7742977,24.0,818.0,1030.0,0,-0.7742977,24.0,2099.0,1011.0,0,-0.7742977,22.65,283.0,970.0,0,-0.7742977,20.75,78.0,1092.0,0,-0.7742977
770442.4870920145,1456420.682368812,0.53736368,21.900000000000006,11.0,1128.0,0,-0.062814325,24.549999999999997,0.0,1422.0,0,-0.062814325,27.25,70.0,1672.0,0,-0.062814325,27.749999999999993,710.0,1523.0,0,-0.062814325,26.15,1524.0,1289.0,0,-0.062814325,24.800000000000004,658.0,1201.0,0,-0.062814325,23.550000000000004,1096.0,978.0,0,-0.062814325,23.800000000000004,2350.0,1027.0,0,-0.062814325,24.0,818.0,1030.0,0,-0.062814325,24.0,2099.0,1011.0,0,-0.062814325,22.65,283.0,970.0,0,-0.062814325,20.75,78.0,1092.0,0,-0.062814325
770692.6333651508,1456420.682368812,1.0317671333333334,21.900000000000006,11.0,1128.0,0,0.4130405,24.549999999999997,0.0,1422.0,0,0.4130405,27.25,70.0,1672.0,0,0.4130405,27.749999999999993,710.0,1523.0,0,0.4130405,26.15,1524.0,1289.0,0,0.4130405,24.800000000000004,658.0,1201.0,0,0.4130405,23.550000000000004,1096.0,978.0,0,0.4130405,23.800000000000004,2350.0,1027.0,0,0.4130405,24.0,818.0,1030.0,0,0.4130405,24.0,2099.0,1011.0,0,0.4130405,22.65,283.0,970.0,0,0.4130405,20.75,78.0,1092.0,0,0.4130405
770942.779638287,1456420.682368812,1.0646983833333334,21.900000000000006,11.0,1128.0,0,0.4356598,24.549999999999997,0.0,1422.0,0,0.4356598,27.25,70.0,1672.0,0,0.4356598,27.749999999999993,710.0,1523.0,0,0.4356598,26.15,1524.0,1289.0,0,0.4356598,24.800000000000004,658.0,1201.0,0,0.4356598,23.550000000000004,1096.0,978.0,0,0.4356598,23.800000000000004,2350.0,1027.0,0,0.4356598,24.0,818.0,1030.0,0,0.4356598,24.0,2099.0,1011.0,0,0.4356598,22.65,283.0,970.0,0,0.4356598,20.75,78.0,1092.0,0,0.4356598
771192.9259114233,1456420.682368812,1.0611446666666666,21.800000000000004,11.0,1130.0,0,0.46403557,24.449999999999996,0.0,1420.0,0,0.46403557,27.150000000000006,68.0,1669.0,0,0.46403557,27.65,704.0,1530.0,0,0.46403557,26.0,1543.0,1283.0,0,0.46403557,24.699999999999996,638.0,1195.0,0,0.46403557,23.450000000000003,1088.0,971.0,0,0.46403557,23.700000000000003,2328.0,1021.0,0,0.46403557,23.900000000000006,823.0,1022.0,0,0.46403557,23.950000000000003,2095.0,1008.0,0,0.46403557,22.6,299.0,967.0,0,0.46403557,20.650000000000006,85.0,1088.0,0,0.46403557
771443.0721845595,1456420.682368812,1.093448566666667,21.800000000000004,11.0,1130.0,0,0.3557513,24.449999999999996,0.0,1420.0,0,0.3557513,27.150000000000006,68.0,1669.0,0,0.3557513,27.65,704.0,1530.0,0,0.3557513,26.0,1543.0,1283.0,0,0.3557513,24.699999999999996,638.0,1195.0,0,0.3557513,23.450000000000003,1088.0,971.0,0,0.3557513,23.700000000000003,2328.0,1021.0,0,0.3557513,23.900000000000006,823.0,1022.0,0,0.3557513,23.950000000000003,2095.0,1008.0,0,0.3557513,22.6,299.0,967.0,0,0.3557513,20.650000000000006,85.0,1088.0,0,0.3557513
768941.6094531971,1456161.225440348,0.87922974,21.900000000000006,11.0,1128.0,0,0.39227255,24.549999999999997,0.0,1422.0,0,0.39227255,27.25,70.0,1672.0,0,0.39227255,27.749999999999993,710.0,1523.0,0,0.39227255,26.15,1524.0,1289.0,0,0.39227255,24.800000000000004,658.0,1201.0,0,0.39227255,23.550000000000004,1096.0,978.0,0,0.39227255,23.800000000000004,2350.0,1027.0,0,0.39227255,24.0,818.0,1030.0,0,0.39227255,24.0,2099.0,1011.0,0,0.39227255,22.65,283.0,970.0,0,0.39227255,20.75,78.0,1092.0,0,0.39227255
769191.7557263334,1456161.225440348,0.9227757,21.900000000000006,11.0,1128.0,0,0.4039235,24.549999999999997,0.0,1422.0,0,0.4039235,27.25,70.0,1672.0,0,0.4039235,27.749999999999993,710.0,1523.0,0,0.4039235,26.15,1524.0,1289.0,0,0.4039235,24.800000000000004,658.0,1201.0,0,0.4039235,23.550000000000004,1096.0,978.0,0,0.4039235,23.800000000000004,2350.0,1027.0,0,0.4039235,24.0,818.0,1030.0,0,0.4039235,24.0,2099.0,1011.0,0,0.4039235,22.65,283.0,970.0,0,0.4039235,20.75,78.0,1092.0,0,0.4039235
769441.9019994696,1456161.225440348,-1.06679655,21.900000000000006,11.0,1128.0,0,0.33921345,24.549999999999997,0.0,1422.0,0,0.33921345,27.25,70.0,1672.0,0,0.33921345,27.749999999999993,710.0,1523.0,0,0.33921345,26.15,1524.0,1289.0,0,0.33921345,24.800000000000004,658.0,1201.0,0,0.33921345,23.550000000000004,1096.0,978.0,0,0.33921345,23.800000000000004,2350.0,1027.0,0,0.33921345,24.0,818.0,1030.0,0,0.33921345,24.0,2099.0,1011.0,0,0.33921345,22.65,283.0,970.0,0,0.33921345,20.75,78.0,1092.0,0,0.33921345
769692.0482726059,1456161.225440348,-1.1603542166666665,21.900000000000006,11.0,1128.0,0,-0.44072535,24.549999999999997,0.0,1422.0,0,-0.44072535,27.25,70.0,1672.0,0,-0.44072535,27.749999999999993,710.0,1523.0,0,-0.44072535,26.15,1524.0,1289.0,0,-0.44072535,24.800000000000004,658.0,1201.0,0,-0.44072535,23.550000000000004,1096.0,978.0,0,-0.44072535,23.800000000000004,2350.0,1027.0,0,-0.44072535,24.0,818.0,1030.0,0,-0.44072535,24.0,2099.0,1011.0,0,-0.44072535,22.65,283.0,970.0,0,-0.44072535,20.75,78.0,1092.0,0,-0.44072535
769942.1945457421,1456161.225440348,-1.1603542166666665,21.900000000000006,11.0,1128.0,0,-0.85543865,24.549999999999997,0.0,1422.0,0,-0.85543865,27.25,70.0,1672.0,0,-0.85543865,27.749999999999993,710.0,1523.0,0,-0.85543865,26.15,1524.0,1289.0,0,-0.85543865,24.800000000000004,658.0,1201.0,0,-0.85543865,23.550000000000004,1096.0,978.0,0,-0.85543865,23.800000000000004,2350.0,1027.0,0,-0.85543865,24.0,818.0,1030.0,0,-0.85543865,24.0,2099.0,1011.0,0,-0.85543865,22.65,283.0,970.0,0,-0.85543865,20.75,78.0,1092.0,0,-0.85543865
770192.3408188784,1456161.225440348,-1.1358491999999998,21.900000000000006,11.0,1128.0,0,-0.80985355,24.549999999999997,0.0,1422.0,0,-0.80985355,27.25,70.0,1672.0,0,-0.80985355,27.749999999999993,710.0,1523.0,0,-0.80985355,26.15,1524.0,1289.0,0,-0.80985355,24.800000000000004,658.0,1201.0,0,-0.80985355,23.550000000000004,1096.0,978.0,0,-0.80985355,23.800000000000004,2350.0,1027.0,0,-0.80985355,24.0,818.0,1030.0,0,-0.80985355,24.0,2099.0,1011.0,0,-0.80985355,22.65,283.0,970.0,0,-0.80985355,20.75,78.0,1092.0,0,-0.80985355
770442.4870920145,1456161.225440348,-0.5500159816666667,21.900000000000006,11.0,1128.0,0,-0.2104842,24.549999999999997,0.0,1422.0,0,-0.2104842,27.25,70.0,1672.0,0,-0.2104842,27.749999999999993,710.0,1523.0,0,-0.2104842,26.15,1524.0,1289.0,0,-0.2104842,24.800000000000004,658.0,1201.0,0,-0.2104842,23.550000000000004,1096.0,978.0,0,-0.2104842,23.800000000000004,2350.0,1027.0,0,-0.2104842,24.0,818.0,1030.0,0,-0.2104842,24.0,2099.0,1011.0,0,-0.2104842,22.65,283.0,970.0,0,-0.2104842,20.75,78.0,1092.0,0,-0.2104842
770692.6333651508,1456161.225440348,1.00611786,21.900000000000006,11.0,1128.0,0,0.31857082,24.549999999999997,0.0,1422.0,0,0.31857082,27.25,70.0,1672.0,0,0.31857082,27.749999999999993,710.0,1523.0,0,0.31857082,26.15,1524.0,1289.0,0,0.31857082,24.800000000000004,658.0,1201.0,0,0.31857082,23.550000000000004,1096.0,978.0,0,0.31857082,23.800000000000004,2350.0,1027.0,0,0.31857082,24.0,818.0,1030.0,0,0.31857082,24.0,2099.0,1011.0,0,0.31857082,22.65,283.0,970.0,0,0.31857082,20.75,78.0,1092.0,0,0.31857082
770942.779638287,1456161.225440348,1.1220989666666668,21.900000000000006,11.0,1128.0,0,0.3861546,24.549999999999997,0.0,1422.0,0,0.3861546,27.25,70.0,1672.0,0,0.3861546,27.749999999999993,710.0,1523.0,0,0.3861546,26.15,1524.0,1289.0,0,0.3861546,24.800000000000004,658.0,1201.0,0,0.3861546,23.550000000000004,1096.0,978.0,0,0.3861546,23.800000000000004,2350.0,1027.0,0,0.3861546,24.0,818.0,1030.0,0,0.3861546,24.0,2099.0,1011.0,0,0.3861546,22.65,283.0,970.0,0,0.3861546,20.75,78.0,1092.0,0,0.3861546
771192.9259114233,1456161.225440348,1.11550845,21.800000000000004,11.0,1130.0,0,0.405896785,24.449999999999996,0.0,1420.0,0,0.405896785,27.150000000000006,68.0,1669.0,0,0.405896785,27.65,704.0,1530.0,0,0.405896785,26.0,1543.0,1283.0,0,0.405896785,24.699999999999996,638.0,1195.0,0,0.405896785,23.450000000000003,1088.0,971.0,0,0.405896785,23.700000000000003,2328.0,1021.0,0,0.405896785,23.900000000000006,823.0,1022.0,0,0.405896785,23.950000000000003,2095.0,1008.0,0,0.405896785,22.6,299.0,967.0,0,0.405896785,20.650000000000006,85.0,1088.0,0,0.405896785
771443.0721845595,1456161.225440348,1.0939654333333333,21.800000000000004,11.0,1130.0,0,0.429275125,24.449999999999996,0.0,1420.0,0,0.429275125,27.150000000000006,68.0,1669.0,0,0.429275125,27.65,704.0,1530.0,0,0.429275125,26.0,1543.0,1283.0,0,0.429275125,24.699999999999996,638.0,1195.0,0,0.429275125,23.450000000000003,1088.0,971.0,0,0.429275125,23.700000000000003,2328.0,1021.0,0,0.429275125,23.900000000000006,823.0,1022.0,0,0.429275125,23.950000000000003,2095.0,1008.0,0,0.429275125,22.6,299.0,967.0,0,0.429275125,20.650000000000006,85.0,1088.0,0,0.429275125
768941.6094531971,1455901.768511884,0.8550525833333334,21.900000000000006,11.0,1128.0,0,0.42706108,24.549999999999997,0.0,1422.0,0,0.42706108,27.25,70.0,1672.0,0,0.42706108,27.749999999999993,710.0,1523.0,0,0.42706108,26.15,1524.0,1289.0,0,0.42706108,24.800000000000004,658.0,1201.0,0,0.42706108,23.550000000000004,1096.0,978.0,0,0.42706108,23.800000000000004,2350.0,1027.0,0,0.42706108,24.0,818.0,1030.0,0,0.42706108,24.0,2099.0,1011.0,0,0.42706108,22.65,283.0,970.0,0,0.42706108,20.75,78.0,1092.0,0,0.42706108
769191.7557263334,1455901.768511884,0.6317054433333333,21.900000000000006,11.0,1128.0,0,0.4041214,24.549999999999997,0.0,1422.0,0,0.4041214,27.25,70.0,1672.0,0,0.4041214,27.749999999999993,710.0,1523.0,0,0.4041214,26.15,1524.0,1289.0,0,0.4041214,24.800000000000004,658.0,1201.0,0,0.4041214,23.550000000000004,1096.0,978.0,0,0.4041214,23.800000000000004,2350.0,1027.0,0,0.4041214,24.0,818.0,1030.0,0,0.4041214,24.0,2099.0,1011.0,0,0.4041214,22.65,283.0,970.0,0,0.4041214,20.75,78.0,1092.0,0,0.4041214
769441.9019994696,1455901.768511884,-1.06380605,21.900000000000006,11.0,1128.0,0,0.20237455,24.549999999999997,0.0,1422.0,0,0.20237455,27.25,70.0,1672.0,0,0.20237455,27.749999999999993,710.0,1523.0,0,0.20237455,26.15,1524.0,1289.0,0,0.20237455,24.800000000000004,658.0,1201.0,0,0.20237455,23.550000000000004,1096.0,978.0,0,0.20237455,23.800000000000004,2350.0,1027.0,0,0.20237455,24.0,818.0,1030.0,0,0.20237455,24.0,2099.0,1011.0,0,0.20237455,22.65,283.0,970.0,0,0.20237455,20.75,78.0,1092.0,0,0.20237455
769692.0482726059,1455901.768511884,-1.1603542166666665,21.900000000000006,11.0,1128.0,0,-0.6593253,24.549999999999997,0.0,1422.0,0,-0.6593253,27.25,70.0,1672.0,0,-0.6593253,27.749999999999993,710.0,1523.0,0,-0.6593253,26.15,1524.0,1289.0,0,-0.6593253,24.800000000000004,658.0,1201.0,0,-0.6593253,23.550000000000004,1096.0,978.0,0,-0.6593253,23.800000000000004,2350.0,1027.0,0,-0.6593253,24.0,818.0,1030.0,0,-0.6593253,24.0,2099.0,1011.0,0,-0.6593253,22.65,283.0,970.0,0,-0.6593253,20.75,78.0,1092.0,0,-0.6593253
769942.1945457421,1455901.768511884,-1.1603542166666665,21.900000000000006,11.0,1128.0,0,-0.8606599,24.549999999999997,0.0,1422.0,0,-0.8606599,27.25,70.0,1672.0,0,-0.8606599,27.749999999999993,710.0,1523.0,0,-0.8606599,26.15,1524.0,1289.0,0,-0.8606599,24.800000000000004,658.0,1201.0,0,-0.8606599,23.550000000000004,1096.0,978.0,0,-0.8606599,23.800000000000004,2350.0,1027.0,0,-0.8606599,24.0,818.0,1030.0,0,-0.8606599,24.0,2099.0,1011.0,0,-0.8606599,22.65,283.0,970.0,0,-0.8606599,20.75,78.0,1092.0,0,-0.8606599
770192.3408188784,1455901.768511884,-1.09819155,21.900000000000006,11.0,1128.0,0,-0.76914055,24.549999999999997,0.0,1422.0,0,-0.76914055,27.25,70.0,1672.0,0,-0.76914055,27.749999999999993,710.0,1523.0,0,-0.76914055,26.15,1524.0,1289.0,0,-0.76914055,24.800000000000004,658.0,1201.0,0,-0.76914055,23.550000000000004,1096.0,978.0,0,-0.76914055,23.800000000000004,2350.0,1027.0,0,-0.76914055,24.0,818.0,1030.0,0,-0.76914055,24.0,2099.0,1011.0,0,-0.76914055,22.65,283.0,970.0,0,-0.76914055,20.75,78.0,1092.0,0,-0.76914055
770442.4870920145,1455901.768511884,0.4309350833333333,21.900000000000006,11.0,1128.0,0,-0.1162853,24.549999999999997,0.0,1422.0,0,-0.1162853,27.25,70.0,1672.0,0,-0.1162853,27.749999999999993,710.0,1523.0,0,-0.1162853,26.15,1524.0,1289.0,0,-0.1162853,24.800000000000004,658.0,1201.0,0,-0.1162853,23.550000000000004,1096.0,978.0,0,-0.1162853,23.800000000000004,2350.0,1027.0,0,-0.1162853,24.0,818.0,1030.0,0,-0.1162853,24.0,2099.0,1011.0,0,-0.1162853,22.65,283.0,970.0,0,-0.1162853,20.75,78.0,1092.0,0,-0.1162853
770692.6333651508,1455901.768511884,1.062909,21.900000000000006,11.0,1128.0,0,0.3631996,24.549999999999997,0.0,1422.0,0,0.3631996,27.25,70.0,1672.0,0,0.3631996,27.749999999999993,710.0,1523.0,0,0.3631996,26.15,1524.0,1289.0,0,0.3631996,24.800000000000004,658.0,1201.0,0,0.3631996,23.550000000000004,1096.0,978.0,0,0.3631996,23.800000000000004,2350.0,1027.0,0,0.3631996,24.0,818.0,1030.0,0,0.3631996,24.0,2099.0,1011.0,0,0.3631996,22.65,283.0,970.0,0,0.3631996,20.75,78.0,1092.0,0,0.3631996
770942.779638287,1455901.768511884,1.1143927833333334,21.900000000000006,11.0,1128.0,0,0.3851271,24.549999999999997,0.0,1422.0,0,0.3851271,27.25,70.0,1672.0,0,0.3851271,27.749999999999993,710.0,1523.0,0,0.3851271,26.15,1524.0,1289.0,0,0.3851271,24.800000000000004,658.0,1201.0,0,0.3851271,23.550000000000004,1096.0,978.0,0,0.3851271,23.800000000000004,2350.0,1027.0,0,0.3851271,24.0,818.0,1030.0,0,0.3851271,24.0,2099.0,1011.0,0,0.3851271,22.65,283.0,970.0,0,0.3851271,20.75,78.0,1092.0,0,0.3851271
771192.9259114233,1455901.768511884,1.0892497,21.800000000000004,11.0,1130.0,0,0.3794879,24.449999999999996,0.0,1420.0,0,0.3794879,27.150000000000006,68.0,1669.0,0,0.3794879,27.65,704.0,1530.0,0,0.3794879,26.0,1543.0,1283.0,0,0.3794879,24.699999999999996,638.0,1195.0,0,0.3794879,23.450000000000003,1088.0,971.0,0,0.3794879,23.700000000000003,2328.0,1021.0,0,0.3794879,23.900000000000006,823.0,1022.0,0,0.3794879,23.950000000000003,2095.0,1008.0,0,0.3794879,22.6,299.0,967.0,0,0.3794879,20.650000000000006,85.0,1088.0,0,0.3794879
771443.0721845595,1455901.768511884,1.1059452666666667,21.800000000000004,11.0,1130.0,0,0.46097523,24.449999999999996,0.0,1420.0,0,0.46097523,27.150000000000006,68.0,1669.0,0,0.46097523,27.65,704.0,1530.0,0,0.46097523,26.0,1543.0,1283.0,0,0.46097523,24.699999999999996,638.0,1195.0,0,0.46097523,23.450000000000003,1088.0,971.0,0,0.46097523,23.700000000000003,2328.0,1021.0,0,0.46097523,23.900000000000006,823.0,1022.0,0,0.46097523,23.950000000000003,2095.0,1008.0,0,0.46097523,22.6,299.0,967.0,0,0.46097523,20.650000000000006,85.0,1088.0,0,0.46097523
768941.6094531971,1455642.3115834205,0.5558092166666666,21.900000000000006,11.0,1128.0,0,0.41759765,24.549999999999997,0.0,1422.0,0,0.41759765,27.25,70.0,1672.0,0,0.41759765,27.749999999999993,710.0,1523.0,0,0.41759765,26.15,1524.0,1289.0,0,0.41759765,24.800000000000004,658.0,1201.0,0,0.41759765,23.550000000000004,1096.0,978.0,0,0.41759765,23.800000000000004,2350.0,1027.0,0,0.41759765,24.0,818.0,1030.0,0,0.41759765,24.0,2099.0,1011.0,0,0.41759765,22.65,283.0,970.0,0,0.41759765,20.75,78.0,1092.0,0,0.41759765
769191.7557263334,1455642.3115834205,-0.7035905833333334,21.900000000000006,11.0,1128.0,0,0.418696165,24.549999999999997,0.0,1422.0,0,0.418696165,27.25,70.0,1672.0,0,0.418696165,27.749999999999993,710.0,1523.0,0,0.418696165,26.15,1524.0,1289.0,0,0.418696165,24.800000000000004,658.0,1201.0,0,0.418696165,23.550000000000004,1096.0,978.0,0,0.418696165,23.800000000000004,2350.0,1027.0,0,0.418696165,24.0,818.0,1030.0,0,0.418696165,24.0,2099.0,1011.0,0,0.418696165,22.65,283.0,970.0,0,0.418696165,20.75,78.0,1092.0,0,0.418696165
769441.9019994696,1455642.3115834205,-1.1373213,21.900000000000006,11.0,1128.0,0,0.05623888,24.549999999999997,0.0,1422.0,0,0.05623888,27.25,70.0,1672.0,0,0.05623888,27.749999999999993,710.0,1523.0,0,0.05623888,26.15,1524.0,1289.0,0,0.05623888,24.800000000000004,658.0,1201.0,0,0.05623888,23.550000000000004,1096.0,978.0,0,0.05623888,23.800000000000004,2350.0,1027.0,0,0.05623888,24.0,818.0,1030.0,0,0.05623888,24.0,2099.0,1011.0,0,0.05623888,22.65,283.0,970.0,0,0.05623888,20.75,78.0,1092.0,0,0.05623888
769692.0482726059,1455642.3115834205,-1.1603542166666665,21.900000000000006,11.0,1128.0,0,-0.8051762,24.549999999999997,0.0,1422.0,0,-0.8051762,27.25,70.0,1672.0,0,-0.8051762,27.749999999999993,710.0,1523.0,0,-0.8051762,26.15,1524.0,1289.0,0,-0.8051762,24.800000000000004,658.0,1201.0,0,-0.8051762,23.550000000000004,1096.0,978.0,0,-0.8051762,23.800000000000004,2350.0,1027.0,0,-0.8051762,24.0,818.0,1030.0,0,-0.8051762,24.0,2099.0,1011.0,0,-0.8051762,22.65,283.0,970.0,0,-0.8051762,20.75,78.0,1092.0,0,-0.8051762
769942.1945457421,1455642.3115834205,-1.1603542166666665,21.900000000000006,11.0,1128.0,0,-0.9092839,24.549999999999997,0.0,1422.0,0,-0.9092839,27.25,70.0,1672.0,0,-0.9092839,27.749999999999993,710.0,1523.0,0,-0.9092839,26.15,1524.0,1289.0,0,-0.9092839,24.800000000000004,658.0,1201.0,0,-0.9092839,23.550000000000004,1096.0,978.0,0,-0.9092839,23.800000000000004,2350.0,1027.0,0,-0.9092839,24.0,818.0,1030.0,0,-0.9092839,24.0,2099.0,1011.0,0,-0.9092839,22.65,283.0,970.0,0,-0.9092839,20.75,78.0,1092.0,0,-0.9092839
770192.3408188784,1455642.3115834205,-1.1501922,21.900000000000006,11.0,1128.0,0,-0.6913114,24.549999999999997,0.0,1422.0,0,-0.6913114,27.25,70.0,1672.0,0,-0.6913114,27.749999999999993,710.0,1523.0,0,-0.6913114,26.15,1524.0,1289.0,0,-0.6913114,24.800000000000004,658.0,1201.0,0,-0.6913114,23.550000000000004,1096.0,978.0,0,-0.6913114,23.800000000000004,2350.0,1027.0,0,-0.6913114,24.0,818.0,1030.0,0,-0.6913114,24.0,2099.0,1011.0,0,-0.6913114,22.65,283.0,970.0,0,-0.6913114,20.75,78.0,1092.0,0,-0.6913114
770442.4870920145,1455642.3115834205,-0.7852325166666667,21.900000000000006,11.0,1128.0,0,0.276141,24.549999999999997,0.0,1422.0,0,0.276141,27.25,70.0,1672.0,0,0.276141,27.749999999999993,710.0,1523.0,0,0.276141,26.15,1524.0,1289.0,0,0.276141,24.800000000000004,658.0,1201.0,0,0.276141,23.550000000000004,1096.0,978.0,0,0.276141,23.800000000000004,2350.0,1027.0,0,0.276141,24.0,818.0,1030.0,0,0.276141,24.0,2099.0,1011.0,0,0.276141,22.65,283.0,970.0,0,0.276141,20.75,78.0,1092.0,0,0.276141
770692.6333651508,1455642.3115834205,0.9666424433333332,21.900000000000006,11.0,1128.0,0,0.39326645,24.549999999999997,0.0,1422.0,0,0.39326645,27.25,70.0,1672.0,0,0.39326645,27.749999999999993,710.0,1523.0,0,0.39326645,26.15,1524.0,1289.0,0,0.39326645,24.800000000000004,658.0,1201.0,0,0.39326645,23.550000000000004,1096.0,978.0,0,0.39326645,23.800000000000004,2350.0,1027.0,0,0.39326645,24.0,818.0,1030.0,0,0.39326645,24.0,2099.0,1011.0,0,0.39326645,22.65,283.0,970.0,0,0.39326645,20.75,78.0,1092.0,0,0.39326645
770942.779638287,1455642.3115834205,1.0931312833333335,21.900000000000006,11.0,1128.0,0,0.35808785,24.549999999999997,0.0,1422.0,0,0.35808785,27.25,70.0,1672.0,0,0.35808785,27.749999999999993,710.0,1523.0,0,0.35808785,26.15,1524.0,1289.0,0,0.35808785,24.800000000000004,658.0,1201.0,0,0.35808785,23.550000000000004,1096.0,978.0,0,0.35808785,23.800000000000004,2350.0,1027.0,0,0.35808785,24.0,818.0,1030.0,0,0.35808785,24.0,2099.0,1011.0,0,0.35808785,22.65,283.0,970.0,0,0.35808785,20.75,78.0,1092.0,0,0.35808785
771192.9259114233,1455642.3115834205,1.0614725333333337,21.800000000000004,11.0,1130.0,0,0.3474853,24.449999999999996,0.0,1420.0,0,0.3474853,27.150000000000006,68.0,1669.0,0,0.3474853,27.65,704.0,1530.0,0,0.3474853,26.0,1543.0,1283.0,0,0.3474853,24.699999999999996,638.0,1195.0,0,0.3474853,23.450000000000003,1088.0,971.0,0,0.3474853,23.700000000000003,2328.0,1021.0,0,0.3474853,23.900000000000006,823.0,1022.0,0,0.3474853,23.950000000000003,2095.0,1008.0,0,0.3474853,22.6,299.0,967.0,0,0.3474853,20.650000000000006,85.0,1088.0,0,0.3474853
771443.0721845595,1455642.3115834205,1.1084189166666667,21.800000000000004,11.0,1130.0,0,0.3213068,24.449999999999996,0.0,1420.0,0,0.3213068,27.150000000000006,68.0,1669.0,0,0.3213068,27.65,704.0,1530.0,0,0.3213068,26.0,1543.0,1283.0,0,0.3213068,24.699999999999996,638.0,1195.0,0,0.3213068,23.450000000000003,1088.0,971.0,0,0.3213068,23.700000000000003,2328.0,1021.0,0,0.3213068,23.900000000000006,823.0,1022.0,0,0.3213068,23.950000000000003,2095.0,1008.0,0,0.3213068,22.6,299.0,967.0,0,0.3213068,20.650000000000006,85.0,1088.0,0,0.3213068
768941.6094531971,1455382.8546549564,-0.7857956933333334,21.900000000000006,11.0,1128.0,0,0.045520425,24.549999999999997,0.0,1422.0,0,0.045520425,27.25,70.0,1672.0,0,0.045520425,27.749999999999993,710.0,1523.0,0,0.045520425,26.15,1524.0,1289.0,0,0.045520425,24.800000000000004,658.0,1201.0,0,0.045520425,23.550000000000004,1096.0,978.0,0,0.045520425,23.800000000000004,2350.0,1027.0,0,0.045520425,24.0,818.0,1030.0,0,0.045520425,24.0,2099.0,1011.0,0,0.045520425,22.65,283.0,970.0,0,0.045520425,20.75,78.0,1092.0,0,0.045520425
769191.7557263334,1455382.8546549564,-1.1301497333333332,21.900000000000006,11.0,1128.0,0,-0.146558835,24.549999999999997,0.0,1422.0,0,-0.146558835,27.25,70.0,1672.0,0,-0.146558835,27.749999999999993,710.0,1523.0,0,-0.146558835,26.15,1524.0,1289.0,0,-0.146558835,24.800000000000004,658.0,1201.0,0,-0.146558835,23.550000000000004,1096.0,978.0,0,-0.146558835,23.800000000000004,2350.0,1027.0,0,-0.146558835,24.0,818.0,1030.0,0,-0.146558835,24.0,2099.0,1011.0,0,-0.146558835,22.65,283.0,970.0,0,-0.146558835,20.75,78.0,1092.0,0,-0.146558835
769441.9019994696,1455382.8546549564,-1.1603542166666665,21.900000000000006,11.0,1128.0,0,-0.5004416,24.549999999999997,0.0,1422.0,0,-0.5004416,27.25,70.0,1672.0,0,-0.5004416,27.749999999999993,710.0,1523.0,0,-0.5004416,26.15,1524.0,1289.0,0,-0.5004416,24.800000000000004,658.0,1201.0,0,-0.5004416,23.550000000000004,1096.0,978.0,0,-0.5004416,23.800000000000004,2350.0,1027.0,0,-0.5004416,24.0,818.0,1030.0,0,-0.5004416,24.0,2099.0,1011.0,0,-0.5004416,22.65,283.0,970.0,0,-0.5004416,20.75,78.0,1092.0,0,-0.5004416
769692.0482726059,1455382.8546549564,-1.1603542166666665,21.900000000000006,11.0,1128.0,0,-0.9023254,24.549999999999997,0.0,1422.0,0,-0.9023254,27.25,70.0,1672.0,0,-0.9023254,27.749999999999993,710.0,1523.0,0,-0.9023254,26.15,1524.0,1289.0,0,-0.9023254,24.800000000000004,658.0,1201.0,0,-0.9023254,23.550000000000004,1096.0,978.0,0,-0.9023254,23.800000000000004,2350.0,1027.0,0,-0.9023254,24.0,818.0,1030.0,0,-0.9023254,24.0,2099.0,1011.0,0,-0.9023254,22.65,283.0,970.0,0,-0.9023254,20.75,78.0,1092.0,0,-0.9023254
769942.1945457421,1455382.8546549564,-1.1603542166666665,21.900000000000006,11.0,1128.0,0,-0.94216315,24.549999999999997,0.0,1422.0,0,-0.94216315,27.25,70.0,1672.0,0,-0.94216315,27.749999999999993,710.0,1523.0,0,-0.94216315,26.15,1524.0,1289.0,0,-0.94216315,24.800000000000004,658.0,1201.0,0,-0.94216315,23.550000000000004,1096.0,978.0,0,-0.94216315,23.800000000000004,2350.0,1027.0,0,-0.94216315,24.0,818.0,1030.0,0,-0.94216315,24.0,2099.0,1011.0,0,-0.94216315,22.65,283.0,970.0,0,-0.94216315,20.75,78.0,1092.0,0,-0.94216315
770192.3408188784,1455382.8546549564,-1.1573637666666667,21.900000000000006,11.0,1128.0,0,-0.6717621,24.549999999999997,0.0,1422.0,0,-0.6717621,27.25,70.0,1672.0,0,-0.6717621,27.749999999999993,710.0,1523.0,0,-0.6717621,26.15,1524.0,1289.0,0,-0.6717621,24.800000000000004,658.0,1201.0,0,-0.6717621,23.550000000000004,1096.0,978.0,0,-0.6717621,23.800000000000004,2350.0,1027.0,0,-0.6717621,24.0,818.0,1030.0,0,-0.6717621,24.0,2099.0,1011.0,0,-0.6717621,22.65,283.0,970.0,0,-0.6717621,20.75,78.0,1092.0,0,-0.6717621
770442.4870920145,1455382.8546549564,-0.7660989833333335,21.900000000000006,11.0,1128.0,0,0.2906717,24.549999999999997,0.0,1422.0,0,0.2906717,27.25,70.0,1672.0,0,0.2906717,27.749999999999993,710.0,1523.0,0,0.2906717,26.15,1524.0,1289.0,0,0.2906717,24.800000000000004,658.0,1201.0,0,0.2906717,23.550000000000004,1096.0,978.0,0,0.2906717,23.800000000000004,2350.0,1027.0,0,0.2906717,24.0,818.0,1030.0,0,0.2906717,24.0,2099.0,1011.0,0,0.2906717,22.65,283.0,970.0,0,0.2906717,20.75,78.0,1092.0,0,0.2906717
770692.6333651508,1455382.8546549564,0.90267976,21.900000000000006,11.0,1128.0,0,0.46545195,24.549999999999997,0.0,1422.0,0,0.46545195,27.25,70.0,1672.0,0,0.46545195,27.749999999999993,710.0,1523.0,0,0.46545195,26.15,1524.0,1289.0,0,0.46545195,24.800000000000004,658.0,1201.0,0,0.46545195,23.550000000000004,1096.0,978.0,0,0.46545195,23.800000000000004,2350.0,1027.0,0,0.46545195,24.0,818.0,1030.0,0,0.46545195,24.0,2099.0,1011.0,0,0.46545195,22.65,283.0,970.0,0,0.46545195,20.75,78.0,1092.0,0,0.46545195
770942.779638287,1455382.8546549564,1.0554274,21.900000000000006,11.0,1128.0,0,0.32961365,24.549999999999997,0.0,1422.0,0,0.32961365,27.25,70.0,1672.0,0,0.32961365,27.749999999999993,710.0,1523.0,0,0.32961365,26.15,1524.0,1289.0,0,0.32961365,24.800000000000004,658.0,1201.0,0,0.32961365,23.550000000000004,1096.0,978.0,0,0.32961365,23.800000000000004,2350.0,1027.0,0,0.32961365,24.0,818.0,1030.0,0,0.32961365,24.0,2099.0,1011.0,0,0.32961365,22.65,283.0,970.0,0,0.32961365,20.75,78.0,1092.0,0,0.32961365
771192.9259114233,1455382.8546549564,1.0479920833333334,21.800000000000004,11.0,1130.0,0,0.3665837,24.449999999999996,0.0,1420.0,0,0.3665837,27.150000000000006,68.0,1669.0,0,0.3665837,27.65,704.0,1530.0,0,0.3665837,26.0,1543.0,1283.0,0,0.3665837,24.699999999999996,638.0,1195.0,0,0.3665837,23.450000000000003,1088.0,971.0,0,0.3665837,23.700000000000003,2328.0,1021.0,0,0.3665837,23.900000000000006,823.0,1022.0,0,0.3665837,23.950000000000003,2095.0,1008.0,0,0.3665837,22.6,299.0,967.0,0,0.3665837,20.650000000000006,85.0,1088.0,0,0.3665837
771443.0721845595,1455382.8546549564,1.122761983333333,21.800000000000004,11.0,1130.0,0,0.28980553,24.449999999999996,0.0,1420.0,0,0.28980553,27.150000000000006,68.0,1669.0,0,0.28980553,27.65,704.0,1530.0,0,0.28980553,26.0,1543.0,1283.0,0,0.28980553,24.699999999999996,638.0,1195.0,0,0.28980553,23.450000000000003,1088.0,971.0,0,0.28980553,23.700000000000003,2328.0,1021.0,0,0.28980553,23.900000000000006,823.0,1022.0,0,0.28980553,23.950000000000003,2095.0,1008.0,0,0.28980553,22.6,299.0,967.0,0,0.28980553,20.650000000000006,85.0,1088.0,0,0.28980553
768941.6094531971,1455123.3977264925,-0.8273527333333334,21.900000000000006,11.0,1128.0,0,0.221477685,24.549999999999997,0.0,1422.0,0,0.221477685,27.25,70.0,1672.0,0,0.221477685,27.749999999999993,710.0,1523.0,0,0.221477685,26.15,1524.0,1289.0,0,0.221477685,24.800000000000004,658.0,1201.0,0,0.221477685,23.550000000000004,1096.0,978.0,0,0.221477685,23.800000000000004,2350.0,1027.0,0,0.221477685,24.0,818.0,1030.0,0,0.221477685,24.0,2099.0,1011.0,0,0.221477685,22.65,283.0,970.0,0,0.221477685,20.75,78.0,1092.0,0,0.221477685
769191.7557263334,1455123.3977264925,-1.1256871333333331,21.900000000000006,11.0,1128.0,0,-0.4987507,24.549999999999997,0.0,1422.0,0,-0.4987507,27.25,70.0,1672.0,0,-0.4987507,27.749999999999993,710.0,1523.0,0,-0.4987507,26.15,1524.0,1289.0,0,-0.4987507,24.800000000000004,658.0,1201.0,0,-0.4987507,23.550000000000004,1096.0,978.0,0,-0.4987507,23.800000000000004,2350.0,1027.0,0,-0.4987507,24.0,818.0,1030.0,0,-0.4987507,24.0,2099.0,1011.0,0,-0.4987507,22.65,283.0,970.0,0,-0.4987507,20.75,78.0,1092.0,0,-0.4987507
769441.9019994696,1455123.3977264925,-1.1603542166666665,21.900000000000006,11.0,1128.0,0,-0.9139783,24.549999999999997,0.0,1422.0,0,-0.9139783,27.25,70.0,1672.0,0,-0.9139783,27.749999999999993,710.0,1523.0,0,-0.9139783,26.15,1524.0,1289.0,0,-0.9139783,24.800000000000004,658.0,1201.0,0,-0.9139783,23.550000000000004,1096.0,978.0,0,-0.9139783,23.800000000000004,2350.0,1027.0,0,-0.9139783,24.0,818.0,1030.0,0,-0.9139783,24.0,2099.0,1011.0,0,-0.9139783,22.65,283.0,970.0,0,-0.9139783,20.75,78.0,1092.0,0,-0.9139783
769692.0482726059,1455123.3977264925,-1.1603542166666665,21.900000000000006,11.0,1128.0,0,-1.04776835,24.549999999999997,0.0,1422.0,0,-1.04776835,27.25,70.0,1672.0,0,-1.04776835,27.749999999999993,710.0,1523.0,0,-1.04776835,26.15,1524.0,1289.0,0,-1.04776835,24.800000000000004,658.0,1201.0,0,-1.04776835,23.550000000000004,1096.0,978.0,0,-1.04776835,23.800000000000004,2350.0,1027.0,0,-1.04776835,24.0,818.0,1030.0,0,-1.04776835,24.0,2099.0,1011.0,0,-1.04776835,22.65,283.0,970.0,0,-1.04776835,20.75,78.0,1092.0,0,-1.04776835
769942.1945457421,1455123.3977264925,-1.1603542166666665,21.900000000000006,11.0,1128.0,0,-1.04380585,24.549999999999997,0.0,1422.0,0,-1.04380585,27.25,70.0,1672.0,0,-1.04380585,27.749999999999993,710.0,1523.0,0,-1.04380585,26.15,1524.0,1289.0,0,-1.04380585,24.800000000000004,658.0,1201.0,0,-1.04380585,23.550000000000004,1096.0,978.0,0,-1.04380585,23.800000000000004,2350.0,1027.0,0,-1.04380585,24.0,818.0,1030.0,0,-1.04380585,24.0,2099.0,1011.0,0,-1.04380585,22.65,283.0,970.0,0,-1.04380585,20.75,78.0,1092.0,0,-1.04380585
770192.3408188784,1455123.3977264925,-1.1501922,21.900000000000006,11.0,1128.0,0,-0.67099725,24.549999999999997,0.0,1422.0,0,-0.67099725,27.25,70.0,1672.0,0,-0.67099725,27.749999999999993,710.0,1523.0,0,-0.67099725,26.15,1524.0,1289.0,0,-0.67099725,24.800000000000004,658.0,1201.0,0,-0.67099725,23.550000000000004,1096.0,978.0,0,-0.67099725,23.800000000000004,2350.0,1027.0,0,-0.67099725,24.0,818.0,1030.0,0,-0.67099725,24.0,2099.0,1011.0,0,-0.67099725,22.65,283.0,970.0,0,-0.67099725,20.75,78.0,1092.0,0,-0.67099725
770442.4870920145,1455123.3977264925,0.4707669116666667,21.900000000000006,11.0,1128.0,0,0.279970525,24.549999999999997,0.0,1422.0,0,0.279970525,27.25,70.0,1672.0,0,0.279970525,27.749999999999993,710.0,1523.0,0,0.279970525,26.15,1524.0,1289.0,0,0.279970525,24.800000000000004,658.0,1201.0,0,0.279970525,23.550000000000004,1096.0,978.0,0,0.279970525,23.800000000000004,2350.0,1027.0,0,0.279970525,24.0,818.0,1030.0,0,0.279970525,24.0,2099.0,1011.0,0,0.279970525,22.65,283.0,970.0,0,0.279970525,20.75,78.0,1092.0,0,0.279970525
770692.6333651508,1455123.3977264925,0.9469172133333332,21.900000000000006,11.0,1128.0,0,0.45903978,24.549999999999997,0.0,1422.0,0,0.45903978,27.25,70.0,1672.0,0,0.45903978,27.749999999999993,710.0,1523.0,0,0.45903978,26.15,1524.0,1289.0,0,0.45903978,24.800000000000004,658.0,1201.0,0,0.45903978,23.550000000000004,1096.0,978.0,0,0.45903978,23.800000000000004,2350.0,1027.0,0,0.45903978,24.0,818.0,1030.0,0,0.45903978,24.0,2099.0,1011.0,0,0.45903978,22.65,283.0,970.0,0,0.45903978,20.75,78.0,1092.0,0,0.45903978
770942.779638287,1455123.3977264925,1.0258502,21.900000000000006,11.0,1128.0,0,0.32631835,24.549999999999997,0.0,1422.0,0,0.32631835,27.25,70.0,1672.0,0,0.32631835,27.749999999999993,710.0,1523.0,0,0.32631835,26.15,1524.0,1289.0,0,0.32631835,24.800000000000004,658.0,1201.0,0,0.32631835,23.550000000000004,1096.0,978.0,0,0.32631835,23.800000000000004,2350.0,1027.0,0,0.32631835,24.0,818.0,1030.0,0,0.32631835,24.0,2099.0,1011.0,0,0.32631835,22.65,283.0,970.0,0,0.32631835,20.75,78.0,1092.0,0,0.32631835
771192.9259114233,1455123.3977264925,1.0246775333333331,21.800000000000004,11.0,1130.0,0,0.335766015,24.449999999999996,0.0,1420.0,0,0.335766015,27.150000000000006,68.0,1669.0,0,0.335766015,27.65,704.0,1530.0,0,0.335766015,26.0,1543.0,1283.0,0,0.335766015,24.699999999999996,638.0,1195.0,0,0.335766015,23.450000000000003,1088.0,971.0,0,0.335766015,23.700000000000003,2328.0,1021.0,0,0.335766015,23.900000000000006,823.0,1022.0,0,0.335766015,23.950000000000003,2095.0,1008.0,0,0.335766015,22.6,299.0,967.0,0,0.335766015,20.650000000000006,85.0,1088.0,0,0.335766015
771443.0721845595,1455123.3977264925,1.0689150333333333,21.800000000000004,11.0,1130.0,0,0.35345705,24.449999999999996,0.0,1420.0,0,0.35345705,27.150000000000006,68.0,1669.0,0,0.35345705,27.65,704.0,1530.0,0,0.35345705,26.0,1543.0,1283.0,0,0.35345705,24.699999999999996,638.0,1195.0,0,0.35345705,23.450000000000003,1088.0,971.0,0,0.35345705,23.700000000000003,2328.0,1021.0,0,0.35345705,23.900000000000006,823.0,1022.0,0,0.35345705,23.950000000000003,2095.0,1008.0,0,0.35345705,22.6,299.0,967.0,0,0.35345705,20.650000000000006,85.0,1088.0,0,0.35345705
768941.6094531971,1454863.9407980286,0.3935268683333334,21.900000000000006,11.0,1128.0,0,0.39669952,24.549999999999997,0.0,1422.0,0,0.39669952,27.25,70.0,1672.0,0,0.39669952,27.749999999999993,710.0,1523.0,0,0.39669952,26.15,1524.0,1289.0,0,0.39669952,24.800000000000004,658.0,1201.0,0,0.39669952,23.550000000000004,1096.0,978.0,0,0.39669952,23.800000000000004,2350.0,1027.0,0,0.39669952,24.0,818.0,1030.0,0,0.39669952,24.0,2099.0,1011.0,0,0.39669952,22.65,283.0,970.0,0,0.39669952,20.75,78.0,1092.0,0,0.39669952
769191.7557263334,1454863.9407980286,-0.6617056750000001,21.900000000000006,11.0,1128.0,0,-0.35132845,24.549999999999997,0.0,1422.0,0,-0.35132845,27.25,70.0,1672.0,0,-0.35132845,27.749999999999993,710.0,1523.0,0,-0.35132845,26.15,1524.0,1289.0,0,-0.35132845,24.800000000000004,658.0,1201.0,0,-0.35132845,23.550000000000004,1096.0,978.0,0,-0.35132845,23.800000000000004,2350.0,1027.0,0,-0.35132845,24.0,818.0,1030.0,0,-0.35132845,24.0,2099.0,1011.0,0,-0.35132845,22.65,283.0,970.0,0,-0.35132845,20.75,78.0,1092.0,0,-0.35132845
769441.9019994696,1454863.9407980286,-1.1199877333333332,21.900000000000006,11.0,1128.0,0,-0.961621,24.549999999999997,0.0,1422.0,0,-0.961621,27.25,70.0,1672.0,0,-0.961621,27.749999999999993,710.0,1523.0,0,-0.961621,26.15,1524.0,1289.0,0,-0.961621,24.800000000000004,658.0,1201.0,0,-0.961621,23.550000000000004,1096.0,978.0,0,-0.961621,23.800000000000004,2350.0,1027.0,0,-0.961621,24.0,818.0,1030.0,0,-0.961621,24.0,2099.0,1011.0,0,-0.961621,22.65,283.0,970.0,0,-0.961621,20.75,78.0,1092.0,0,-0.961621
769692.0482726059,1454863.9407980286,-1.1603542166666665,21.900000000000006,11.0,1128.0,0,-1.182774,24.549999999999997,0.0,1422.0,0,-1.182774,27.25,70.0,1672.0,0,-1.182774,27.749999999999993,710.0,1523.0,0,-1.182774,26.15,1524.0,1289.0,0,-1.182774,24.800000000000004,658.0,1201.0,0,-1.182774,23.550000000000004,1096.0,978.0,0,-1.182774,23.800000000000004,2350.0,1027.0,0,-1.182774,24.0,818.0,1030.0,0,-1.182774,24.0,2099.0,1011.0,0,-1.182774,22.65,283.0,970.0,0,-1.182774,20.75,78.0,1092.0,0,-1.182774
769942.1945457421,1454863.9407980286,-1.1603542166666665,21.900000000000006,11.0,1128.0,0,-1.12233615,24.549999999999997,0.0,1422.0,0,-1.12233615,27.25,70.0,1672.0,0,-1.12233615,27.749999999999993,710.0,1523.0,0,-1.12233615,26.15,1524.0,1289.0,0,-1.12233615,24.800000000000004,658.0,1201.0,0,-1.12233615,23.550000000000004,1096.0,978.0,0,-1.12233615,23.800000000000004,2350.0,1027.0,0,-1.12233615,24.0,818.0,1030.0,0,-1.12233615,24.0,2099.0,1011.0,0,-1.12233615,22.65,283.0,970.0,0,-1.12233615,20.75,78.0,1092.0,0,-1.12233615
770192.3408188784,1454863.9407980286,-0.7771520716666667,21.900000000000006,11.0,1128.0,0,-0.5763034,24.549999999999997,0.0,1422.0,0,-0.5763034,27.25,70.0,1672.0,0,-0.5763034,27.749999999999993,710.0,1523.0,0,-0.5763034,26.15,1524.0,1289.0,0,-0.5763034,24.800000000000004,658.0,1201.0,0,-0.5763034,23.550000000000004,1096.0,978.0,0,-0.5763034,23.800000000000004,2350.0,1027.0,0,-0.5763034,24.0,818.0,1030.0,0,-0.5763034,24.0,2099.0,1011.0,0,-0.5763034,22.65,283.0,970.0,0,-0.5763034,20.75,78.0,1092.0,0,-0.5763034
770442.4870920145,1454863.9407980286,0.7616197166666666,21.900000000000006,11.0,1128.0,0,0.39731615,24.549999999999997,0.0,1422.0,0,0.39731615,27.25,70.0,1672.0,0,0.39731615,27.749999999999993,710.0,1523.0,0,0.39731615,26.15,1524.0,1289.0,0,0.39731615,24.800000000000004,658.0,1201.0,0,0.39731615,23.550000000000004,1096.0,978.0,0,0.39731615,23.800000000000004,2350.0,1027.0,0,0.39731615,24.0,818.0,1030.0,0,0.39731615,24.0,2099.0,1011.0,0,0.39731615,22.65,283.0,970.0,0,0.39731615,20.75,78.0,1092.0,0,0.39731615
770692.6333651508,1454863.9407980286,0.904814845,21.900000000000006,11.0,1128.0,0,0.4100335,24.549999999999997,0.0,1422.0,0,0.4100335,27.25,70.0,1672.0,0,0.4100335,27.749999999999993,710.0,1523.0,0,0.4100335,26.15,1524.0,1289.0,0,0.4100335,24.800000000000004,658.0,1201.0,0,0.4100335,23.550000000000004,1096.0,978.0,0,0.4100335,23.800000000000004,2350.0,1027.0,0,0.4100335,24.0,818.0,1030.0,0,0.4100335,24.0,2099.0,1011.0,0,0.4100335,22.65,283.0,970.0,0,0.4100335,20.75,78.0,1092.0,0,0.4100335
770942.779638287,1454863.9407980286,0.9209579233333334,21.900000000000006,11.0,1128.0,0,0.29249385,24.549999999999997,0.0,1422.0,0,0.29249385,27.25,70.0,1672.0,0,0.29249385,27.749999999999993,710.0,1523.0,0,0.29249385,26.15,1524.0,1289.0,0,0.29249385,24.800000000000004,658.0,1201.0,0,0.29249385,23.550000000000004,1096.0,978.0,0,0.29249385,23.800000000000004,2350.0,1027.0,0,0.29249385,24.0,818.0,1030.0,0,0.29249385,24.0,2099.0,1011.0,0,0.29249385,22.65,283.0,970.0,0,0.29249385,20.75,78.0,1092.0,0,0.29249385
771192.9259114233,1454863.9407980286,0.9691232066666668,21.800000000000004,11.0,1130.0,0,0.18623343,24.449999999999996,0.0,1420.0,0,0.18623343,27.150000000000006,68.0,1669.0,0,0.18623343,27.65,704.0,1530.0,0,0.18623343,26.0,1543.0,1283.0,0,0.18623343,24.699999999999996,638.0,1195.0,0,0.18623343,23.450000000000003,1088.0,971.0,0,0.18623343,23.700000000000003,2328.0,1021.0,0,0.18623343,23.900000000000006,823.0,1022.0,0,0.18623343,23.950000000000003,2095.0,1008.0,0,0.18623343,22.6,299.0,967.0,0,0.18623343,20.650000000000006,85.0,1088.0,0,0.18623343
771443.0721845595,1454863.9407980286,1.016914358333333,21.800000000000004,11.0,1130.0,0,0.1788861,24.449999999999996,0.0,1420.0,0,0.1788861,27.150000000000006,68.0,1669.0,0,0.1788861,27.65,704.0,1530.0,0,0.1788861,26.0,1543.0,1283.0,0,0.1788861,24.699999999999996,638.0,1195.0,0,0.1788861,23.450000000000003,1088.0,971.0,0,0.1788861,23.700000000000003,2328.0,1021.0,0,0.1788861,23.900000000000006,823.0,1022.0,0,0.1788861,23.950000000000003,2095.0,1008.0,0,0.1788861,22.6,299.0,967.0,0,0.1788861,20.650000000000006,85.0,1088.0,0,0.1788861
768941.6094531971,1454604.4838695647,0.7842747666666666,21.900000000000006,11.0,1128.0,0,0.34688645,24.549999999999997,0.0,1422.0,0,0.34688645,27.25,70.0,1672.0,0,0.34688645,27.749999999999993,710.0,1523.0,0,0.34688645,26.15,1524.0,1289.0,0,0.34688645,24.800000000000004,658.0,1201.0,0,0.34688645,23.550000000000004,1096.0,978.0,0,0.34688645,23.800000000000004,2350.0,1027.0,0,0.34688645,24.0,818.0,1030.0,0,0.34688645,24.0,2099.0,1011.0,0,0.34688645,22.65,283.0,970.0,0,0.34688645,20.75,78.0,1092.0,0,0.34688645
769191.7557263334,1454604.4838695647,0.3301737033333333,21.900000000000006,11.0,1128.0,0,-0.175099475,24.549999999999997,0.0,1422.0,0,-0.175099475,27.25,70.0,1672.0,0,-0.175099475,27.749999999999993,710.0,1523.0,0,-0.175099475,26.15,1524.0,1289.0,0,-0.175099475,24.800000000000004,658.0,1201.0,0,-0.175099475,23.550000000000004,1096.0,978.0,0,-0.175099475,23.800000000000004,2350.0,1027.0,0,-0.175099475,24.0,818.0,1030.0,0,-0.175099475,24.0,2099.0,1011.0,0,-0.175099475,22.65,283.0,970.0,0,-0.175099475,20.75,78.0,1092.0,0,-0.175099475
769441.9019994696,1454604.4838695647,-1.01327755,21.900000000000006,11.0,1128.0,0,-0.9509558,24.549999999999997,0.0,1422.0,0,-0.9509558,27.25,70.0,1672.0,0,-0.9509558,27.749999999999993,710.0,1523.0,0,-0.9509558,26.15,1524.0,1289.0,0,-0.9509558,24.800000000000004,658.0,1201.0,0,-0.9509558,23.550000000000004,1096.0,978.0,0,-0.9509558,23.800000000000004,2350.0,1027.0,0,-0.9509558,24.0,818.0,1030.0,0,-0.9509558,24.0,2099.0,1011.0,0,-0.9509558,22.65,283.0,970.0,0,-0.9509558,20.75,78.0,1092.0,0,-0.9509558
769692.0482726059,1454604.4838695647,-1.1546548333333333,21.900000000000006,11.0,1128.0,0,-1.2360084,24.549999999999997,0.0,1422.0,0,-1.2360084,27.25,70.0,1672.0,0,-1.2360084,27.749999999999993,710.0,1523.0,0,-1.2360084,26.15,1524.0,1289.0,0,-1.2360084,24.800000000000004,658.0,1201.0,0,-1.2360084,23.550000000000004,1096.0,978.0,0,-1.2360084,23.800000000000004,2350.0,1027.0,0,-1.2360084,24.0,818.0,1030.0,0,-1.2360084,24.0,2099.0,1011.0,0,-1.2360084,22.65,283.0,970.0,0,-1.2360084,20.75,78.0,1092.0,0,-1.2360084
769942.1945457421,1454604.4838695647,-1.1603542166666665,21.900000000000006,11.0,1128.0,0,-1.1112807,24.549999999999997,0.0,1422.0,0,-1.1112807,27.25,70.0,1672.0,0,-1.1112807,27.749999999999993,710.0,1523.0,0,-1.1112807,26.15,1524.0,1289.0,0,-1.1112807,24.800000000000004,658.0,1201.0,0,-1.1112807,23.550000000000004,1096.0,978.0,0,-1.1112807,23.800000000000004,2350.0,1027.0,0,-1.1112807,24.0,818.0,1030.0,0,-1.1112807,24.0,2099.0,1011.0,0,-1.1112807,22.65,283.0,970.0,0,-1.1112807,20.75,78.0,1092.0,0,-1.1112807
770192.3408188784,1454604.4838695647,0.3123270166666667,21.900000000000006,11.0,1128.0,0,-0.15143138,24.549999999999997,0.0,1422.0,0,-0.15143138,27.25,70.0,1672.0,0,-0.15143138,27.749999999999993,710.0,1523.0,0,-0.15143138,26.15,1524.0,1289.0,0,-0.15143138,24.800000000000004,658.0,1201.0,0,-0.15143138,23.550000000000004,1096.0,978.0,0,-0.15143138,23.800000000000004,2350.0,1027.0,0,-0.15143138,24.0,818.0,1030.0,0,-0.15143138,24.0,2099.0,1011.0,0,-0.15143138,22.65,283.0,970.0,0,-0.15143138,20.75,78.0,1092.0,0,-0.15143138
770442.4870920145,1454604.4838695647,0.8232370600000001,21.900000000000006,11.0,1128.0,0,0.57106765,24.549999999999997,0.0,1422.0,0,0.57106765,27.25,70.0,1672.0,0,0.57106765,27.749999999999993,710.0,1523.0,0,0.57106765,26.15,1524.0,1289.0,0,0.57106765,24.800000000000004,658.0,1201.0,0,0.57106765,23.550000000000004,1096.0,978.0,0,0.57106765,23.800000000000004,2350.0,1027.0,0,0.57106765,24.0,818.0,1030.0,0,0.57106765,24.0,2099.0,1011.0,0,0.57106765,22.65,283.0,970.0,0,0.57106765,20.75,78.0,1092.0,0,0.57106765
770692.6333651508,1454604.4838695647,0.8716839916666667,21.900000000000006,11.0,1128.0,0,0.4799034,24.549999999999997,0.0,1422.0,0,0.4799034,27.25,70.0,1672.0,0,0.4799034,27.749999999999993,710.0,1523.0,0,0.4799034,26.15,1524.0,1289.0,0,0.4799034,24.800000000000004,658.0,1201.0,0,0.4799034,23.550000000000004,1096.0,978.0,0,0.4799034,23.800000000000004,2350.0,1027.0,0,0.4799034,24.0,818.0,1030.0,0,0.4799034,24.0,2099.0,1011.0,0,0.4799034,22.65,283.0,970.0,0,0.4799034,20.75,78.0,1092.0,0,0.4799034
770942.779638287,1454604.4838695647,0.8910991416666666,21.900000000000006,11.0,1128.0,0,0.3391114,24.549999999999997,0.0,1422.0,0,0.3391114,27.25,70.0,1672.0,0,0.3391114,27.749999999999993,710.0,1523.0,0,0.3391114,26.15,1524.0,1289.0,0,0.3391114,24.800000000000004,658.0,1201.0,0,0.3391114,23.550000000000004,1096.0,978.0,0,0.3391114,23.800000000000004,2350.0,1027.0,0,0.3391114,24.0,818.0,1030.0,0,0.3391114,24.0,2099.0,1011.0,0,0.3391114,22.65,283.0,970.0,0,0.3391114,20.75,78.0,1092.0,0,0.3391114
771192.9259114233,1454604.4838695647,0.9013074616666666,21.800000000000004,11.0,1130.0,0,0.24183683,24.449999999999996,0.0,1420.0,0,0.24183683,27.150000000000006,68.0,1669.0,0,0.24183683,27.65,704.0,1530.0,0,0.24183683,26.0,1543.0,1283.0,0,0.24183683,24.699999999999996,638.0,1195.0,0,0.24183683,23.450000000000003,1088.0,971.0,0,0.24183683,23.700000000000003,2328.0,1021.0,0,0.24183683,23.900000000000006,823.0,1022.0,0,0.24183683,23.950000000000003,2095.0,1008.0,0,0.24183683,22.6,299.0,967.0,0,0.24183683,20.650000000000006,85.0,1088.0,0,0.24183683
771443.0721845595,1454604.4838695647,0.929102445,21.800000000000004,11.0,1130.0,0,0.200642465,24.449999999999996,0.0,1420.0,0,0.200642465,27.150000000000006,68.0,1669.0,0,0.200642465,27.65,704.0,1530.0,0,0.200642465,26.0,1543.0,1283.0,0,0.200642465,24.699999999999996,638.0,1195.0,0,0.200642465,23.450000000000003,1088.0,971.0,0,0.200642465,23.700000000000003,2328.0,1021.0,0,0.200642465,23.900000000000006,823.0,1022.0,0,0.200642465,23.950000000000003,2095.0,1008.0,0,0.200642465,22.6,299.0,967.0,0,0.200642465,20.650000000000006,85.0,1088.0,0,0.200642465
